source,target,weight,shared_repositories
dependabot[bot],pre-commit-ci[bot],2,fastapi/fastapi; pallets/flask
AlertRED,Alexandrhub,1,fastapi/fastapi
AlertRED,Joao-Pedro-P-Holanda,1,fastapi/fastapi
AlertRED,KaniKim,1,fastapi/fastapi
AlertRED,Kludex,1,fastapi/fastapi
AlertRED,Serrones,1,fastapi/fastapi
AlertRED,Smlep,1,fastapi/fastapi
AlertRED,SwftAlpc,1,fastapi/fastapi
AlertRED,Vincy1230,1,fastapi/fastapi
AlertRED,Xewus,1,fastapi/fastapi
AlertRED,YuriiMotov,1,fastapi/fastapi
AlertRED,Zhongheng-Cheng,1,fastapi/fastapi
AlertRED,alejsdev,1,fastapi/fastapi
AlertRED,alv2017,1,fastapi/fastapi
AlertRED,barsi,1,fastapi/fastapi
AlertRED,ceb10n,1,fastapi/fastapi
AlertRED,dependabot[bot],1,fastapi/fastapi
AlertRED,dmontagu,1,fastapi/fastapi
AlertRED,estebanx64,1,fastapi/fastapi
AlertRED,euri10,1,fastapi/fastapi
AlertRED,github-actions[bot],1,fastapi/fastapi
AlertRED,handabaldeep,1,fastapi/fastapi
AlertRED,hard-coders,1,fastapi/fastapi
AlertRED,hasansezertasan,1,fastapi/fastapi
AlertRED,jaystone776,1,fastapi/fastapi
AlertRED,kantandane,1,fastapi/fastapi
AlertRED,marcelomarkus,1,fastapi/fastapi
AlertRED,mariacamilagl,1,fastapi/fastapi
AlertRED,nilslindemann,1,fastapi/fastapi
AlertRED,pablocm83,1,fastapi/fastapi
AlertRED,pre-commit-ci[bot],1,fastapi/fastapi
AlertRED,svlandeg,1,fastapi/fastapi
AlertRED,tiangolo,1,fastapi/fastapi
AlertRED,tokusumi,1,fastapi/fastapi
AlertRED,valentinDruzhinin,1,fastapi/fastapi
AlertRED,vishnuvskvkl,1,fastapi/fastapi
AlertRED,waynerv,1,fastapi/fastapi
AlertRED,xzmeng,1,fastapi/fastapi
AlertRED,yychanlee,1,fastapi/fastapi
AlertRED,zhaohan-dong,1,fastapi/fastapi
AlexanderFabisch,ArturoAmorQ,1,scikit-learn/scikit-learn
AlexanderFabisch,Charlie-XIAO,1,scikit-learn/scikit-learn
AlexanderFabisch,MechCoder,1,scikit-learn/scikit-learn
AlexanderFabisch,NelleV,1,scikit-learn/scikit-learn
AlexanderFabisch,NicolasHug,1,scikit-learn/scikit-learn
AlexanderFabisch,StefanieSenger,1,scikit-learn/scikit-learn
AlexanderFabisch,TomDLT,1,scikit-learn/scikit-learn
AlexanderFabisch,adrinjalali,1,scikit-learn/scikit-learn
AlexanderFabisch,agramfort,1,scikit-learn/scikit-learn
AlexanderFabisch,ahojnnes,1,scikit-learn/scikit-learn
AlexanderFabisch,alextp,1,scikit-learn/scikit-learn
AlexanderFabisch,amueller,1,scikit-learn/scikit-learn
AlexanderFabisch,arjoly,1,scikit-learn/scikit-learn
AlexanderFabisch,betatim,1,scikit-learn/scikit-learn
AlexanderFabisch,clayw,1,scikit-learn/scikit-learn
AlexanderFabisch,cmarmo,1,scikit-learn/scikit-learn
AlexanderFabisch,glemaitre,1,scikit-learn/scikit-learn
AlexanderFabisch,glouppe,1,scikit-learn/scikit-learn
AlexanderFabisch,jakevdp,1,scikit-learn/scikit-learn
AlexanderFabisch,jeremiedbb,1,scikit-learn/scikit-learn
AlexanderFabisch,jjerphan,1,scikit-learn/scikit-learn
AlexanderFabisch,jnothman,1,scikit-learn/scikit-learn
AlexanderFabisch,kemaleren,1,scikit-learn/scikit-learn
AlexanderFabisch,larsmans,1,scikit-learn/scikit-learn
AlexanderFabisch,lesteve,1,scikit-learn/scikit-learn
AlexanderFabisch,lorentzenchr,1,scikit-learn/scikit-learn
AlexanderFabisch,lucyleeow,1,scikit-learn/scikit-learn
AlexanderFabisch,mblondel,1,scikit-learn/scikit-learn
AlexanderFabisch,oddskool,1,scikit-learn/scikit-learn
AlexanderFabisch,ogrisel,1,scikit-learn/scikit-learn
AlexanderFabisch,pprett,1,scikit-learn/scikit-learn
AlexanderFabisch,qinhanmin2014,1,scikit-learn/scikit-learn
AlexanderFabisch,raghavrv,1,scikit-learn/scikit-learn
AlexanderFabisch,robertlayton,1,scikit-learn/scikit-learn
AlexanderFabisch,rth,1,scikit-learn/scikit-learn
AlexanderFabisch,scikit-learn-bot,1,scikit-learn/scikit-learn
AlexanderFabisch,thomasjpfan,1,scikit-learn/scikit-learn
AlexanderFabisch,vene,1,scikit-learn/scikit-learn
AlexanderFabisch,weilinear,1,scikit-learn/scikit-learn
Alexandrhub,Joao-Pedro-P-Holanda,1,fastapi/fastapi
Alexandrhub,KaniKim,1,fastapi/fastapi
Alexandrhub,Kludex,1,fastapi/fastapi
Alexandrhub,Serrones,1,fastapi/fastapi
Alexandrhub,Smlep,1,fastapi/fastapi
Alexandrhub,SwftAlpc,1,fastapi/fastapi
Alexandrhub,Vincy1230,1,fastapi/fastapi
Alexandrhub,Xewus,1,fastapi/fastapi
Alexandrhub,YuriiMotov,1,fastapi/fastapi
Alexandrhub,Zhongheng-Cheng,1,fastapi/fastapi
Alexandrhub,alejsdev,1,fastapi/fastapi
Alexandrhub,alv2017,1,fastapi/fastapi
Alexandrhub,barsi,1,fastapi/fastapi
Alexandrhub,ceb10n,1,fastapi/fastapi
Alexandrhub,dependabot[bot],1,fastapi/fastapi
Alexandrhub,dmontagu,1,fastapi/fastapi
Alexandrhub,estebanx64,1,fastapi/fastapi
Alexandrhub,euri10,1,fastapi/fastapi
Alexandrhub,github-actions[bot],1,fastapi/fastapi
Alexandrhub,handabaldeep,1,fastapi/fastapi
Alexandrhub,hard-coders,1,fastapi/fastapi
Alexandrhub,hasansezertasan,1,fastapi/fastapi
Alexandrhub,jaystone776,1,fastapi/fastapi
Alexandrhub,kantandane,1,fastapi/fastapi
Alexandrhub,marcelomarkus,1,fastapi/fastapi
Alexandrhub,mariacamilagl,1,fastapi/fastapi
Alexandrhub,nilslindemann,1,fastapi/fastapi
Alexandrhub,pablocm83,1,fastapi/fastapi
Alexandrhub,pre-commit-ci[bot],1,fastapi/fastapi
Alexandrhub,svlandeg,1,fastapi/fastapi
Alexandrhub,tiangolo,1,fastapi/fastapi
Alexandrhub,tokusumi,1,fastapi/fastapi
Alexandrhub,valentinDruzhinin,1,fastapi/fastapi
Alexandrhub,vishnuvskvkl,1,fastapi/fastapi
Alexandrhub,waynerv,1,fastapi/fastapi
Alexandrhub,xzmeng,1,fastapi/fastapi
Alexandrhub,yychanlee,1,fastapi/fastapi
Alexandrhub,zhaohan-dong,1,fastapi/fastapi
ArturoAmorQ,Charlie-XIAO,1,scikit-learn/scikit-learn
ArturoAmorQ,MechCoder,1,scikit-learn/scikit-learn
ArturoAmorQ,NelleV,1,scikit-learn/scikit-learn
ArturoAmorQ,NicolasHug,1,scikit-learn/scikit-learn
ArturoAmorQ,StefanieSenger,1,scikit-learn/scikit-learn
ArturoAmorQ,TomDLT,1,scikit-learn/scikit-learn
ArturoAmorQ,adrinjalali,1,scikit-learn/scikit-learn
ArturoAmorQ,agramfort,1,scikit-learn/scikit-learn
ArturoAmorQ,ahojnnes,1,scikit-learn/scikit-learn
ArturoAmorQ,alextp,1,scikit-learn/scikit-learn
ArturoAmorQ,amueller,1,scikit-learn/scikit-learn
ArturoAmorQ,arjoly,1,scikit-learn/scikit-learn
ArturoAmorQ,betatim,1,scikit-learn/scikit-learn
ArturoAmorQ,clayw,1,scikit-learn/scikit-learn
ArturoAmorQ,cmarmo,1,scikit-learn/scikit-learn
ArturoAmorQ,glemaitre,1,scikit-learn/scikit-learn
ArturoAmorQ,glouppe,1,scikit-learn/scikit-learn
ArturoAmorQ,jakevdp,1,scikit-learn/scikit-learn
ArturoAmorQ,jeremiedbb,1,scikit-learn/scikit-learn
ArturoAmorQ,jjerphan,1,scikit-learn/scikit-learn
ArturoAmorQ,jnothman,1,scikit-learn/scikit-learn
ArturoAmorQ,kemaleren,1,scikit-learn/scikit-learn
ArturoAmorQ,larsmans,1,scikit-learn/scikit-learn
ArturoAmorQ,lesteve,1,scikit-learn/scikit-learn
ArturoAmorQ,lorentzenchr,1,scikit-learn/scikit-learn
ArturoAmorQ,lucyleeow,1,scikit-learn/scikit-learn
ArturoAmorQ,mblondel,1,scikit-learn/scikit-learn
ArturoAmorQ,oddskool,1,scikit-learn/scikit-learn
ArturoAmorQ,ogrisel,1,scikit-learn/scikit-learn
ArturoAmorQ,pprett,1,scikit-learn/scikit-learn
ArturoAmorQ,qinhanmin2014,1,scikit-learn/scikit-learn
ArturoAmorQ,raghavrv,1,scikit-learn/scikit-learn
ArturoAmorQ,robertlayton,1,scikit-learn/scikit-learn
ArturoAmorQ,rth,1,scikit-learn/scikit-learn
ArturoAmorQ,scikit-learn-bot,1,scikit-learn/scikit-learn
ArturoAmorQ,thomasjpfan,1,scikit-learn/scikit-learn
ArturoAmorQ,vene,1,scikit-learn/scikit-learn
ArturoAmorQ,weilinear,1,scikit-learn/scikit-learn
Charlie-XIAO,MechCoder,1,scikit-learn/scikit-learn
Charlie-XIAO,NelleV,1,scikit-learn/scikit-learn
Charlie-XIAO,NicolasHug,1,scikit-learn/scikit-learn
Charlie-XIAO,StefanieSenger,1,scikit-learn/scikit-learn
Charlie-XIAO,TomDLT,1,scikit-learn/scikit-learn
Charlie-XIAO,adrinjalali,1,scikit-learn/scikit-learn
Charlie-XIAO,agramfort,1,scikit-learn/scikit-learn
Charlie-XIAO,ahojnnes,1,scikit-learn/scikit-learn
Charlie-XIAO,alextp,1,scikit-learn/scikit-learn
Charlie-XIAO,amueller,1,scikit-learn/scikit-learn
Charlie-XIAO,arjoly,1,scikit-learn/scikit-learn
Charlie-XIAO,betatim,1,scikit-learn/scikit-learn
Charlie-XIAO,clayw,1,scikit-learn/scikit-learn
Charlie-XIAO,cmarmo,1,scikit-learn/scikit-learn
Charlie-XIAO,glemaitre,1,scikit-learn/scikit-learn
Charlie-XIAO,glouppe,1,scikit-learn/scikit-learn
Charlie-XIAO,jakevdp,1,scikit-learn/scikit-learn
Charlie-XIAO,jeremiedbb,1,scikit-learn/scikit-learn
Charlie-XIAO,jjerphan,1,scikit-learn/scikit-learn
Charlie-XIAO,jnothman,1,scikit-learn/scikit-learn
Charlie-XIAO,kemaleren,1,scikit-learn/scikit-learn
Charlie-XIAO,larsmans,1,scikit-learn/scikit-learn
Charlie-XIAO,lesteve,1,scikit-learn/scikit-learn
Charlie-XIAO,lorentzenchr,1,scikit-learn/scikit-learn
Charlie-XIAO,lucyleeow,1,scikit-learn/scikit-learn
Charlie-XIAO,mblondel,1,scikit-learn/scikit-learn
Charlie-XIAO,oddskool,1,scikit-learn/scikit-learn
Charlie-XIAO,ogrisel,1,scikit-learn/scikit-learn
Charlie-XIAO,pprett,1,scikit-learn/scikit-learn
Charlie-XIAO,qinhanmin2014,1,scikit-learn/scikit-learn
Charlie-XIAO,raghavrv,1,scikit-learn/scikit-learn
Charlie-XIAO,robertlayton,1,scikit-learn/scikit-learn
Charlie-XIAO,rth,1,scikit-learn/scikit-learn
Charlie-XIAO,scikit-learn-bot,1,scikit-learn/scikit-learn
Charlie-XIAO,thomasjpfan,1,scikit-learn/scikit-learn
Charlie-XIAO,vene,1,scikit-learn/scikit-learn
Charlie-XIAO,weilinear,1,scikit-learn/scikit-learn
DasIch,SimonSapin,1,pallets/flask
DasIch,ThiefMaster,1,pallets/flask
DasIch,ThomasWaldmann,1,pallets/flask
DasIch,Winnetou,1,pallets/flask
DasIch,adambyrtek,1,pallets/flask
DasIch,akavlie,1,pallets/flask
DasIch,alexpantyukhin,1,pallets/flask
DasIch,antsar,1,pallets/flask
DasIch,aqt01,1,pallets/flask
DasIch,cvrebert,1,pallets/flask
DasIch,dag,1,pallets/flask
DasIch,davidism,1,pallets/flask
DasIch,dawranliou,1,pallets/flask
DasIch,defuz,1,pallets/flask
DasIch,dependabot-preview[bot],1,pallets/flask
DasIch,dependabot[bot],1,pallets/flask
DasIch,florentx,1,pallets/flask
DasIch,flying-sheep,1,pallets/flask
DasIch,garenchan,1,pallets/flask
DasIch,greyli,1,pallets/flask
DasIch,jab,1,pallets/flask
DasIch,jeffwidman,1,pallets/flask
DasIch,kennethreitz,1,pallets/flask
DasIch,keyan,1,pallets/flask
DasIch,lepture,1,pallets/flask
DasIch,lord63,1,pallets/flask
DasIch,methane,1,pallets/flask
DasIch,miguelgrinberg,1,pallets/flask
DasIch,mitsuhiko,1,pallets/flask
DasIch,pgjones,1,pallets/flask
DasIch,plaes,1,pallets/flask
DasIch,pre-commit-ci[bot],1,pallets/flask
DasIch,rduplain,1,pallets/flask
DasIch,s3rvac,1,pallets/flask
DasIch,tullyrankin,1,pallets/flask
DasIch,untitaker,1,pallets/flask
DasIch,vtbassmatt,1,pallets/flask
DasIch,wgwz,1,pallets/flask
DasIch,yuxiaoy1,1,pallets/flask
DeaMariaLeon,Dr-Irv,1,pandas-dev/pandas
DeaMariaLeon,MarcoGorelli,1,pandas-dev/pandas
DeaMariaLeon,ShaharNaveh,1,pandas-dev/pandas
DeaMariaLeon,TomAugspurger,1,pandas-dev/pandas
DeaMariaLeon,WillAyd,1,pandas-dev/pandas
DeaMariaLeon,adamklein,1,pandas-dev/pandas
DeaMariaLeon,alimcmaster1,1,pandas-dev/pandas
DeaMariaLeon,attack68,1,pandas-dev/pandas
DeaMariaLeon,changhiskhan,1,pandas-dev/pandas
DeaMariaLeon,charlesdong1991,1,pandas-dev/pandas
DeaMariaLeon,chris-b1,1,pandas-dev/pandas
DeaMariaLeon,cpcloud,1,pandas-dev/pandas
DeaMariaLeon,datapythonista,1,pandas-dev/pandas
DeaMariaLeon,dsaxton,1,pandas-dev/pandas
DeaMariaLeon,fangchenli,1,pandas-dev/pandas
DeaMariaLeon,gfyoung,1,pandas-dev/pandas
DeaMariaLeon,h-vetinari,1,pandas-dev/pandas
DeaMariaLeon,hayd,1,pandas-dev/pandas
DeaMariaLeon,jbrockmendel,1,pandas-dev/pandas
DeaMariaLeon,jorisvandenbossche,1,pandas-dev/pandas
DeaMariaLeon,jreback,1,pandas-dev/pandas
DeaMariaLeon,jschendel,1,pandas-dev/pandas
DeaMariaLeon,jseabold,1,pandas-dev/pandas
DeaMariaLeon,jtratner,1,pandas-dev/pandas
DeaMariaLeon,lithomas1,1,pandas-dev/pandas
DeaMariaLeon,lukemanley,1,pandas-dev/pandas
DeaMariaLeon,mroeschke,1,pandas-dev/pandas
DeaMariaLeon,mzeitlin11,1,pandas-dev/pandas
DeaMariaLeon,natmokval,1,pandas-dev/pandas
DeaMariaLeon,orbitfold,1,pandas-dev/pandas
DeaMariaLeon,phofl,1,pandas-dev/pandas
DeaMariaLeon,rhshadrach,1,pandas-dev/pandas
DeaMariaLeon,simonjayhawkins,1,pandas-dev/pandas
DeaMariaLeon,sinhrks,1,pandas-dev/pandas
DeaMariaLeon,toobaz,1,pandas-dev/pandas
DeaMariaLeon,topper-123,1,pandas-dev/pandas
DeaMariaLeon,tuhinsharma121,1,pandas-dev/pandas
DeaMariaLeon,twoertwein,1,pandas-dev/pandas
DeaMariaLeon,wesm,1,pandas-dev/pandas
Dr-Irv,MarcoGorelli,1,pandas-dev/pandas
Dr-Irv,ShaharNaveh,1,pandas-dev/pandas
Dr-Irv,TomAugspurger,1,pandas-dev/pandas
Dr-Irv,WillAyd,1,pandas-dev/pandas
Dr-Irv,adamklein,1,pandas-dev/pandas
Dr-Irv,alimcmaster1,1,pandas-dev/pandas
Dr-Irv,attack68,1,pandas-dev/pandas
Dr-Irv,changhiskhan,1,pandas-dev/pandas
Dr-Irv,charlesdong1991,1,pandas-dev/pandas
Dr-Irv,chris-b1,1,pandas-dev/pandas
Dr-Irv,cpcloud,1,pandas-dev/pandas
Dr-Irv,datapythonista,1,pandas-dev/pandas
Dr-Irv,dsaxton,1,pandas-dev/pandas
Dr-Irv,fangchenli,1,pandas-dev/pandas
Dr-Irv,gfyoung,1,pandas-dev/pandas
Dr-Irv,h-vetinari,1,pandas-dev/pandas
Dr-Irv,hayd,1,pandas-dev/pandas
Dr-Irv,jbrockmendel,1,pandas-dev/pandas
Dr-Irv,jorisvandenbossche,1,pandas-dev/pandas
Dr-Irv,jreback,1,pandas-dev/pandas
Dr-Irv,jschendel,1,pandas-dev/pandas
Dr-Irv,jseabold,1,pandas-dev/pandas
Dr-Irv,jtratner,1,pandas-dev/pandas
Dr-Irv,lithomas1,1,pandas-dev/pandas
Dr-Irv,lukemanley,1,pandas-dev/pandas
Dr-Irv,mroeschke,1,pandas-dev/pandas
Dr-Irv,mzeitlin11,1,pandas-dev/pandas
Dr-Irv,natmokval,1,pandas-dev/pandas
Dr-Irv,orbitfold,1,pandas-dev/pandas
Dr-Irv,phofl,1,pandas-dev/pandas
Dr-Irv,rhshadrach,1,pandas-dev/pandas
Dr-Irv,simonjayhawkins,1,pandas-dev/pandas
Dr-Irv,sinhrks,1,pandas-dev/pandas
Dr-Irv,toobaz,1,pandas-dev/pandas
Dr-Irv,topper-123,1,pandas-dev/pandas
Dr-Irv,tuhinsharma121,1,pandas-dev/pandas
Dr-Irv,twoertwein,1,pandas-dev/pandas
Dr-Irv,wesm,1,pandas-dev/pandas
Joao-Pedro-P-Holanda,KaniKim,1,fastapi/fastapi
Joao-Pedro-P-Holanda,Kludex,1,fastapi/fastapi
Joao-Pedro-P-Holanda,Serrones,1,fastapi/fastapi
Joao-Pedro-P-Holanda,Smlep,1,fastapi/fastapi
Joao-Pedro-P-Holanda,SwftAlpc,1,fastapi/fastapi
Joao-Pedro-P-Holanda,Vincy1230,1,fastapi/fastapi
Joao-Pedro-P-Holanda,Xewus,1,fastapi/fastapi
Joao-Pedro-P-Holanda,YuriiMotov,1,fastapi/fastapi
Joao-Pedro-P-Holanda,Zhongheng-Cheng,1,fastapi/fastapi
Joao-Pedro-P-Holanda,alejsdev,1,fastapi/fastapi
Joao-Pedro-P-Holanda,alv2017,1,fastapi/fastapi
Joao-Pedro-P-Holanda,barsi,1,fastapi/fastapi
Joao-Pedro-P-Holanda,ceb10n,1,fastapi/fastapi
Joao-Pedro-P-Holanda,dependabot[bot],1,fastapi/fastapi
Joao-Pedro-P-Holanda,dmontagu,1,fastapi/fastapi
Joao-Pedro-P-Holanda,estebanx64,1,fastapi/fastapi
Joao-Pedro-P-Holanda,euri10,1,fastapi/fastapi
Joao-Pedro-P-Holanda,github-actions[bot],1,fastapi/fastapi
Joao-Pedro-P-Holanda,handabaldeep,1,fastapi/fastapi
Joao-Pedro-P-Holanda,hard-coders,1,fastapi/fastapi
Joao-Pedro-P-Holanda,hasansezertasan,1,fastapi/fastapi
Joao-Pedro-P-Holanda,jaystone776,1,fastapi/fastapi
Joao-Pedro-P-Holanda,kantandane,1,fastapi/fastapi
Joao-Pedro-P-Holanda,marcelomarkus,1,fastapi/fastapi
Joao-Pedro-P-Holanda,mariacamilagl,1,fastapi/fastapi
Joao-Pedro-P-Holanda,nilslindemann,1,fastapi/fastapi
Joao-Pedro-P-Holanda,pablocm83,1,fastapi/fastapi
Joao-Pedro-P-Holanda,pre-commit-ci[bot],1,fastapi/fastapi
Joao-Pedro-P-Holanda,svlandeg,1,fastapi/fastapi
Joao-Pedro-P-Holanda,tiangolo,1,fastapi/fastapi
Joao-Pedro-P-Holanda,tokusumi,1,fastapi/fastapi
Joao-Pedro-P-Holanda,valentinDruzhinin,1,fastapi/fastapi
Joao-Pedro-P-Holanda,vishnuvskvkl,1,fastapi/fastapi
Joao-Pedro-P-Holanda,waynerv,1,fastapi/fastapi
Joao-Pedro-P-Holanda,xzmeng,1,fastapi/fastapi
Joao-Pedro-P-Holanda,yychanlee,1,fastapi/fastapi
Joao-Pedro-P-Holanda,zhaohan-dong,1,fastapi/fastapi
KaniKim,Kludex,1,fastapi/fastapi
KaniKim,Serrones,1,fastapi/fastapi
KaniKim,Smlep,1,fastapi/fastapi
KaniKim,SwftAlpc,1,fastapi/fastapi
KaniKim,Vincy1230,1,fastapi/fastapi
KaniKim,Xewus,1,fastapi/fastapi
KaniKim,YuriiMotov,1,fastapi/fastapi
KaniKim,Zhongheng-Cheng,1,fastapi/fastapi
KaniKim,alejsdev,1,fastapi/fastapi
KaniKim,alv2017,1,fastapi/fastapi
KaniKim,barsi,1,fastapi/fastapi
KaniKim,ceb10n,1,fastapi/fastapi
KaniKim,dependabot[bot],1,fastapi/fastapi
KaniKim,dmontagu,1,fastapi/fastapi
KaniKim,estebanx64,1,fastapi/fastapi
KaniKim,euri10,1,fastapi/fastapi
KaniKim,github-actions[bot],1,fastapi/fastapi
KaniKim,handabaldeep,1,fastapi/fastapi
KaniKim,hard-coders,1,fastapi/fastapi
KaniKim,hasansezertasan,1,fastapi/fastapi
KaniKim,jaystone776,1,fastapi/fastapi
KaniKim,kantandane,1,fastapi/fastapi
KaniKim,marcelomarkus,1,fastapi/fastapi
KaniKim,mariacamilagl,1,fastapi/fastapi
KaniKim,nilslindemann,1,fastapi/fastapi
KaniKim,pablocm83,1,fastapi/fastapi
KaniKim,pre-commit-ci[bot],1,fastapi/fastapi
KaniKim,svlandeg,1,fastapi/fastapi
KaniKim,tiangolo,1,fastapi/fastapi
KaniKim,tokusumi,1,fastapi/fastapi
KaniKim,valentinDruzhinin,1,fastapi/fastapi
KaniKim,vishnuvskvkl,1,fastapi/fastapi
KaniKim,waynerv,1,fastapi/fastapi
KaniKim,xzmeng,1,fastapi/fastapi
KaniKim,yychanlee,1,fastapi/fastapi
KaniKim,zhaohan-dong,1,fastapi/fastapi
Kludex,Serrones,1,fastapi/fastapi
Kludex,Smlep,1,fastapi/fastapi
Kludex,SwftAlpc,1,fastapi/fastapi
Kludex,Vincy1230,1,fastapi/fastapi
Kludex,Xewus,1,fastapi/fastapi
Kludex,YuriiMotov,1,fastapi/fastapi
Kludex,Zhongheng-Cheng,1,fastapi/fastapi
Kludex,alejsdev,1,fastapi/fastapi
Kludex,alv2017,1,fastapi/fastapi
Kludex,barsi,1,fastapi/fastapi
Kludex,ceb10n,1,fastapi/fastapi
Kludex,dependabot[bot],1,fastapi/fastapi
Kludex,dmontagu,1,fastapi/fastapi
Kludex,estebanx64,1,fastapi/fastapi
Kludex,euri10,1,fastapi/fastapi
Kludex,github-actions[bot],1,fastapi/fastapi
Kludex,handabaldeep,1,fastapi/fastapi
Kludex,hard-coders,1,fastapi/fastapi
Kludex,hasansezertasan,1,fastapi/fastapi
Kludex,jaystone776,1,fastapi/fastapi
Kludex,kantandane,1,fastapi/fastapi
Kludex,marcelomarkus,1,fastapi/fastapi
Kludex,mariacamilagl,1,fastapi/fastapi
Kludex,nilslindemann,1,fastapi/fastapi
Kludex,pablocm83,1,fastapi/fastapi
Kludex,pre-commit-ci[bot],1,fastapi/fastapi
Kludex,svlandeg,1,fastapi/fastapi
Kludex,tiangolo,1,fastapi/fastapi
Kludex,tokusumi,1,fastapi/fastapi
Kludex,valentinDruzhinin,1,fastapi/fastapi
Kludex,vishnuvskvkl,1,fastapi/fastapi
Kludex,waynerv,1,fastapi/fastapi
Kludex,xzmeng,1,fastapi/fastapi
Kludex,yychanlee,1,fastapi/fastapi
Kludex,zhaohan-dong,1,fastapi/fastapi
MarcoGorelli,ShaharNaveh,1,pandas-dev/pandas
MarcoGorelli,TomAugspurger,1,pandas-dev/pandas
MarcoGorelli,WillAyd,1,pandas-dev/pandas
MarcoGorelli,adamklein,1,pandas-dev/pandas
MarcoGorelli,alimcmaster1,1,pandas-dev/pandas
MarcoGorelli,attack68,1,pandas-dev/pandas
MarcoGorelli,changhiskhan,1,pandas-dev/pandas
MarcoGorelli,charlesdong1991,1,pandas-dev/pandas
MarcoGorelli,chris-b1,1,pandas-dev/pandas
MarcoGorelli,cpcloud,1,pandas-dev/pandas
MarcoGorelli,datapythonista,1,pandas-dev/pandas
MarcoGorelli,dsaxton,1,pandas-dev/pandas
MarcoGorelli,fangchenli,1,pandas-dev/pandas
MarcoGorelli,gfyoung,1,pandas-dev/pandas
MarcoGorelli,h-vetinari,1,pandas-dev/pandas
MarcoGorelli,hayd,1,pandas-dev/pandas
MarcoGorelli,jbrockmendel,1,pandas-dev/pandas
MarcoGorelli,jorisvandenbossche,1,pandas-dev/pandas
MarcoGorelli,jreback,1,pandas-dev/pandas
MarcoGorelli,jschendel,1,pandas-dev/pandas
MarcoGorelli,jseabold,1,pandas-dev/pandas
MarcoGorelli,jtratner,1,pandas-dev/pandas
MarcoGorelli,lithomas1,1,pandas-dev/pandas
MarcoGorelli,lukemanley,1,pandas-dev/pandas
MarcoGorelli,mroeschke,1,pandas-dev/pandas
MarcoGorelli,mzeitlin11,1,pandas-dev/pandas
MarcoGorelli,natmokval,1,pandas-dev/pandas
MarcoGorelli,orbitfold,1,pandas-dev/pandas
MarcoGorelli,phofl,1,pandas-dev/pandas
MarcoGorelli,rhshadrach,1,pandas-dev/pandas
MarcoGorelli,simonjayhawkins,1,pandas-dev/pandas
MarcoGorelli,sinhrks,1,pandas-dev/pandas
MarcoGorelli,toobaz,1,pandas-dev/pandas
MarcoGorelli,topper-123,1,pandas-dev/pandas
MarcoGorelli,tuhinsharma121,1,pandas-dev/pandas
MarcoGorelli,twoertwein,1,pandas-dev/pandas
MarcoGorelli,wesm,1,pandas-dev/pandas
MarkusH,SmileyChris,1,django/django
MarkusH,aaugustin,1,django/django
MarkusH,adamchainz,1,django/django
MarkusH,adrianholovaty,1,django/django
MarkusH,akaariai,1,django/django
MarkusH,alex,1,django/django
MarkusH,andrewgodwin,1,django/django
MarkusH,apollo13,1,django/django
MarkusH,atombrella,1,django/django
MarkusH,bmispelon,1,django/django
MarkusH,brosner,1,django/django
MarkusH,carljm,1,django/django
MarkusH,carltongibson,1,django/django
MarkusH,charettes,1,django/django
MarkusH,cjerdonek,1,django/django
MarkusH,claudep,1,django/django
MarkusH,felixxm,1,django/django
MarkusH,freakboy3742,1,django/django
MarkusH,gdub,1,django/django
MarkusH,hramezani,1,django/django
MarkusH,jacobian,1,django/django
MarkusH,jacobtylerwalls,1,django/django
MarkusH,jbronn,1,django/django
MarkusH,jdufresne,1,django/django
MarkusH,jezdez,1,django/django
MarkusH,jphalip,1,django/django
MarkusH,kmtracey,1,django/django
MarkusH,loic,1,django/django
MarkusH,malcolmt,1,django/django
MarkusH,mjtamlyn,1,django/django
MarkusH,nessita,1,django/django
MarkusH,ngnpope,1,django/django
MarkusH,ramiro,1,django/django
MarkusH,sarahboyce,1,django/django
MarkusH,sir-sigurd,1,django/django
MarkusH,smithdc1,1,django/django
MarkusH,spookylukey,1,django/django
MarkusH,timgraham,1,django/django
MarkusH,ubernostrum,1,django/django
MechCoder,NelleV,1,scikit-learn/scikit-learn
MechCoder,NicolasHug,1,scikit-learn/scikit-learn
MechCoder,StefanieSenger,1,scikit-learn/scikit-learn
MechCoder,TomDLT,1,scikit-learn/scikit-learn
MechCoder,adrinjalali,1,scikit-learn/scikit-learn
MechCoder,agramfort,1,scikit-learn/scikit-learn
MechCoder,ahojnnes,1,scikit-learn/scikit-learn
MechCoder,alextp,1,scikit-learn/scikit-learn
MechCoder,amueller,1,scikit-learn/scikit-learn
MechCoder,arjoly,1,scikit-learn/scikit-learn
MechCoder,betatim,1,scikit-learn/scikit-learn
MechCoder,clayw,1,scikit-learn/scikit-learn
MechCoder,cmarmo,1,scikit-learn/scikit-learn
MechCoder,glemaitre,1,scikit-learn/scikit-learn
MechCoder,glouppe,1,scikit-learn/scikit-learn
MechCoder,jakevdp,1,scikit-learn/scikit-learn
MechCoder,jeremiedbb,1,scikit-learn/scikit-learn
MechCoder,jjerphan,1,scikit-learn/scikit-learn
MechCoder,jnothman,1,scikit-learn/scikit-learn
MechCoder,kemaleren,1,scikit-learn/scikit-learn
MechCoder,larsmans,1,scikit-learn/scikit-learn
MechCoder,lesteve,1,scikit-learn/scikit-learn
MechCoder,lorentzenchr,1,scikit-learn/scikit-learn
MechCoder,lucyleeow,1,scikit-learn/scikit-learn
MechCoder,mblondel,1,scikit-learn/scikit-learn
MechCoder,oddskool,1,scikit-learn/scikit-learn
MechCoder,ogrisel,1,scikit-learn/scikit-learn
MechCoder,pprett,1,scikit-learn/scikit-learn
MechCoder,qinhanmin2014,1,scikit-learn/scikit-learn
MechCoder,raghavrv,1,scikit-learn/scikit-learn
MechCoder,robertlayton,1,scikit-learn/scikit-learn
MechCoder,rth,1,scikit-learn/scikit-learn
MechCoder,scikit-learn-bot,1,scikit-learn/scikit-learn
MechCoder,thomasjpfan,1,scikit-learn/scikit-learn
MechCoder,vene,1,scikit-learn/scikit-learn
MechCoder,weilinear,1,scikit-learn/scikit-learn
NelleV,NicolasHug,1,scikit-learn/scikit-learn
NelleV,StefanieSenger,1,scikit-learn/scikit-learn
NelleV,TomDLT,1,scikit-learn/scikit-learn
NelleV,adrinjalali,1,scikit-learn/scikit-learn
NelleV,agramfort,1,scikit-learn/scikit-learn
NelleV,ahojnnes,1,scikit-learn/scikit-learn
NelleV,alextp,1,scikit-learn/scikit-learn
NelleV,amueller,1,scikit-learn/scikit-learn
NelleV,arjoly,1,scikit-learn/scikit-learn
NelleV,betatim,1,scikit-learn/scikit-learn
NelleV,clayw,1,scikit-learn/scikit-learn
NelleV,cmarmo,1,scikit-learn/scikit-learn
NelleV,glemaitre,1,scikit-learn/scikit-learn
NelleV,glouppe,1,scikit-learn/scikit-learn
NelleV,jakevdp,1,scikit-learn/scikit-learn
NelleV,jeremiedbb,1,scikit-learn/scikit-learn
NelleV,jjerphan,1,scikit-learn/scikit-learn
NelleV,jnothman,1,scikit-learn/scikit-learn
NelleV,kemaleren,1,scikit-learn/scikit-learn
NelleV,larsmans,1,scikit-learn/scikit-learn
NelleV,lesteve,1,scikit-learn/scikit-learn
NelleV,lorentzenchr,1,scikit-learn/scikit-learn
NelleV,lucyleeow,1,scikit-learn/scikit-learn
NelleV,mblondel,1,scikit-learn/scikit-learn
NelleV,oddskool,1,scikit-learn/scikit-learn
NelleV,ogrisel,1,scikit-learn/scikit-learn
NelleV,pprett,1,scikit-learn/scikit-learn
NelleV,qinhanmin2014,1,scikit-learn/scikit-learn
NelleV,raghavrv,1,scikit-learn/scikit-learn
NelleV,robertlayton,1,scikit-learn/scikit-learn
NelleV,rth,1,scikit-learn/scikit-learn
NelleV,scikit-learn-bot,1,scikit-learn/scikit-learn
NelleV,thomasjpfan,1,scikit-learn/scikit-learn
NelleV,vene,1,scikit-learn/scikit-learn
NelleV,weilinear,1,scikit-learn/scikit-learn
NicolasHug,StefanieSenger,1,scikit-learn/scikit-learn
NicolasHug,TomDLT,1,scikit-learn/scikit-learn
NicolasHug,adrinjalali,1,scikit-learn/scikit-learn
NicolasHug,agramfort,1,scikit-learn/scikit-learn
NicolasHug,ahojnnes,1,scikit-learn/scikit-learn
NicolasHug,alextp,1,scikit-learn/scikit-learn
NicolasHug,amueller,1,scikit-learn/scikit-learn
NicolasHug,arjoly,1,scikit-learn/scikit-learn
NicolasHug,betatim,1,scikit-learn/scikit-learn
NicolasHug,clayw,1,scikit-learn/scikit-learn
NicolasHug,cmarmo,1,scikit-learn/scikit-learn
NicolasHug,glemaitre,1,scikit-learn/scikit-learn
NicolasHug,glouppe,1,scikit-learn/scikit-learn
NicolasHug,jakevdp,1,scikit-learn/scikit-learn
NicolasHug,jeremiedbb,1,scikit-learn/scikit-learn
NicolasHug,jjerphan,1,scikit-learn/scikit-learn
NicolasHug,jnothman,1,scikit-learn/scikit-learn
NicolasHug,kemaleren,1,scikit-learn/scikit-learn
NicolasHug,larsmans,1,scikit-learn/scikit-learn
NicolasHug,lesteve,1,scikit-learn/scikit-learn
NicolasHug,lorentzenchr,1,scikit-learn/scikit-learn
NicolasHug,lucyleeow,1,scikit-learn/scikit-learn
NicolasHug,mblondel,1,scikit-learn/scikit-learn
NicolasHug,oddskool,1,scikit-learn/scikit-learn
NicolasHug,ogrisel,1,scikit-learn/scikit-learn
NicolasHug,pprett,1,scikit-learn/scikit-learn
NicolasHug,qinhanmin2014,1,scikit-learn/scikit-learn
NicolasHug,raghavrv,1,scikit-learn/scikit-learn
NicolasHug,robertlayton,1,scikit-learn/scikit-learn
NicolasHug,rth,1,scikit-learn/scikit-learn
NicolasHug,scikit-learn-bot,1,scikit-learn/scikit-learn
NicolasHug,thomasjpfan,1,scikit-learn/scikit-learn
NicolasHug,vene,1,scikit-learn/scikit-learn
NicolasHug,weilinear,1,scikit-learn/scikit-learn
Serrones,Smlep,1,fastapi/fastapi
Serrones,SwftAlpc,1,fastapi/fastapi
Serrones,Vincy1230,1,fastapi/fastapi
Serrones,Xewus,1,fastapi/fastapi
Serrones,YuriiMotov,1,fastapi/fastapi
Serrones,Zhongheng-Cheng,1,fastapi/fastapi
Serrones,alejsdev,1,fastapi/fastapi
Serrones,alv2017,1,fastapi/fastapi
Serrones,barsi,1,fastapi/fastapi
Serrones,ceb10n,1,fastapi/fastapi
Serrones,dependabot[bot],1,fastapi/fastapi
Serrones,dmontagu,1,fastapi/fastapi
Serrones,estebanx64,1,fastapi/fastapi
Serrones,euri10,1,fastapi/fastapi
Serrones,github-actions[bot],1,fastapi/fastapi
Serrones,handabaldeep,1,fastapi/fastapi
Serrones,hard-coders,1,fastapi/fastapi
Serrones,hasansezertasan,1,fastapi/fastapi
Serrones,jaystone776,1,fastapi/fastapi
Serrones,kantandane,1,fastapi/fastapi
Serrones,marcelomarkus,1,fastapi/fastapi
Serrones,mariacamilagl,1,fastapi/fastapi
Serrones,nilslindemann,1,fastapi/fastapi
Serrones,pablocm83,1,fastapi/fastapi
Serrones,pre-commit-ci[bot],1,fastapi/fastapi
Serrones,svlandeg,1,fastapi/fastapi
Serrones,tiangolo,1,fastapi/fastapi
Serrones,tokusumi,1,fastapi/fastapi
Serrones,valentinDruzhinin,1,fastapi/fastapi
Serrones,vishnuvskvkl,1,fastapi/fastapi
Serrones,waynerv,1,fastapi/fastapi
Serrones,xzmeng,1,fastapi/fastapi
Serrones,yychanlee,1,fastapi/fastapi
Serrones,zhaohan-dong,1,fastapi/fastapi
ShaharNaveh,TomAugspurger,1,pandas-dev/pandas
ShaharNaveh,WillAyd,1,pandas-dev/pandas
ShaharNaveh,adamklein,1,pandas-dev/pandas
ShaharNaveh,alimcmaster1,1,pandas-dev/pandas
ShaharNaveh,attack68,1,pandas-dev/pandas
ShaharNaveh,changhiskhan,1,pandas-dev/pandas
ShaharNaveh,charlesdong1991,1,pandas-dev/pandas
ShaharNaveh,chris-b1,1,pandas-dev/pandas
ShaharNaveh,cpcloud,1,pandas-dev/pandas
ShaharNaveh,datapythonista,1,pandas-dev/pandas
ShaharNaveh,dsaxton,1,pandas-dev/pandas
ShaharNaveh,fangchenli,1,pandas-dev/pandas
ShaharNaveh,gfyoung,1,pandas-dev/pandas
ShaharNaveh,h-vetinari,1,pandas-dev/pandas
ShaharNaveh,hayd,1,pandas-dev/pandas
ShaharNaveh,jbrockmendel,1,pandas-dev/pandas
ShaharNaveh,jorisvandenbossche,1,pandas-dev/pandas
ShaharNaveh,jreback,1,pandas-dev/pandas
ShaharNaveh,jschendel,1,pandas-dev/pandas
ShaharNaveh,jseabold,1,pandas-dev/pandas
ShaharNaveh,jtratner,1,pandas-dev/pandas
ShaharNaveh,lithomas1,1,pandas-dev/pandas
ShaharNaveh,lukemanley,1,pandas-dev/pandas
ShaharNaveh,mroeschke,1,pandas-dev/pandas
ShaharNaveh,mzeitlin11,1,pandas-dev/pandas
ShaharNaveh,natmokval,1,pandas-dev/pandas
ShaharNaveh,orbitfold,1,pandas-dev/pandas
ShaharNaveh,phofl,1,pandas-dev/pandas
ShaharNaveh,rhshadrach,1,pandas-dev/pandas
ShaharNaveh,simonjayhawkins,1,pandas-dev/pandas
ShaharNaveh,sinhrks,1,pandas-dev/pandas
ShaharNaveh,toobaz,1,pandas-dev/pandas
ShaharNaveh,topper-123,1,pandas-dev/pandas
ShaharNaveh,tuhinsharma121,1,pandas-dev/pandas
ShaharNaveh,twoertwein,1,pandas-dev/pandas
ShaharNaveh,wesm,1,pandas-dev/pandas
SimonSapin,ThiefMaster,1,pallets/flask
SimonSapin,ThomasWaldmann,1,pallets/flask
SimonSapin,Winnetou,1,pallets/flask
SimonSapin,adambyrtek,1,pallets/flask
SimonSapin,akavlie,1,pallets/flask
SimonSapin,alexpantyukhin,1,pallets/flask
SimonSapin,antsar,1,pallets/flask
SimonSapin,aqt01,1,pallets/flask
SimonSapin,cvrebert,1,pallets/flask
SimonSapin,dag,1,pallets/flask
SimonSapin,davidism,1,pallets/flask
SimonSapin,dawranliou,1,pallets/flask
SimonSapin,defuz,1,pallets/flask
SimonSapin,dependabot-preview[bot],1,pallets/flask
SimonSapin,dependabot[bot],1,pallets/flask
SimonSapin,florentx,1,pallets/flask
SimonSapin,flying-sheep,1,pallets/flask
SimonSapin,garenchan,1,pallets/flask
SimonSapin,greyli,1,pallets/flask
SimonSapin,jab,1,pallets/flask
SimonSapin,jeffwidman,1,pallets/flask
SimonSapin,kennethreitz,1,pallets/flask
SimonSapin,keyan,1,pallets/flask
SimonSapin,lepture,1,pallets/flask
SimonSapin,lord63,1,pallets/flask
SimonSapin,methane,1,pallets/flask
SimonSapin,miguelgrinberg,1,pallets/flask
SimonSapin,mitsuhiko,1,pallets/flask
SimonSapin,pgjones,1,pallets/flask
SimonSapin,plaes,1,pallets/flask
SimonSapin,pre-commit-ci[bot],1,pallets/flask
SimonSapin,rduplain,1,pallets/flask
SimonSapin,s3rvac,1,pallets/flask
SimonSapin,tullyrankin,1,pallets/flask
SimonSapin,untitaker,1,pallets/flask
SimonSapin,vtbassmatt,1,pallets/flask
SimonSapin,wgwz,1,pallets/flask
SimonSapin,yuxiaoy1,1,pallets/flask
SmileyChris,aaugustin,1,django/django
SmileyChris,adamchainz,1,django/django
SmileyChris,adrianholovaty,1,django/django
SmileyChris,akaariai,1,django/django
SmileyChris,alex,1,django/django
SmileyChris,andrewgodwin,1,django/django
SmileyChris,apollo13,1,django/django
SmileyChris,atombrella,1,django/django
SmileyChris,bmispelon,1,django/django
SmileyChris,brosner,1,django/django
SmileyChris,carljm,1,django/django
SmileyChris,carltongibson,1,django/django
SmileyChris,charettes,1,django/django
SmileyChris,cjerdonek,1,django/django
SmileyChris,claudep,1,django/django
SmileyChris,felixxm,1,django/django
SmileyChris,freakboy3742,1,django/django
SmileyChris,gdub,1,django/django
SmileyChris,hramezani,1,django/django
SmileyChris,jacobian,1,django/django
SmileyChris,jacobtylerwalls,1,django/django
SmileyChris,jbronn,1,django/django
SmileyChris,jdufresne,1,django/django
SmileyChris,jezdez,1,django/django
SmileyChris,jphalip,1,django/django
SmileyChris,kmtracey,1,django/django
SmileyChris,loic,1,django/django
SmileyChris,malcolmt,1,django/django
SmileyChris,mjtamlyn,1,django/django
SmileyChris,nessita,1,django/django
SmileyChris,ngnpope,1,django/django
SmileyChris,ramiro,1,django/django
SmileyChris,sarahboyce,1,django/django
SmileyChris,sir-sigurd,1,django/django
SmileyChris,smithdc1,1,django/django
SmileyChris,spookylukey,1,django/django
SmileyChris,timgraham,1,django/django
SmileyChris,ubernostrum,1,django/django
Smlep,SwftAlpc,1,fastapi/fastapi
Smlep,Vincy1230,1,fastapi/fastapi
Smlep,Xewus,1,fastapi/fastapi
Smlep,YuriiMotov,1,fastapi/fastapi
Smlep,Zhongheng-Cheng,1,fastapi/fastapi
Smlep,alejsdev,1,fastapi/fastapi
Smlep,alv2017,1,fastapi/fastapi
Smlep,barsi,1,fastapi/fastapi
Smlep,ceb10n,1,fastapi/fastapi
Smlep,dependabot[bot],1,fastapi/fastapi
Smlep,dmontagu,1,fastapi/fastapi
Smlep,estebanx64,1,fastapi/fastapi
Smlep,euri10,1,fastapi/fastapi
Smlep,github-actions[bot],1,fastapi/fastapi
Smlep,handabaldeep,1,fastapi/fastapi
Smlep,hard-coders,1,fastapi/fastapi
Smlep,hasansezertasan,1,fastapi/fastapi
Smlep,jaystone776,1,fastapi/fastapi
Smlep,kantandane,1,fastapi/fastapi
Smlep,marcelomarkus,1,fastapi/fastapi
Smlep,mariacamilagl,1,fastapi/fastapi
Smlep,nilslindemann,1,fastapi/fastapi
Smlep,pablocm83,1,fastapi/fastapi
Smlep,pre-commit-ci[bot],1,fastapi/fastapi
Smlep,svlandeg,1,fastapi/fastapi
Smlep,tiangolo,1,fastapi/fastapi
Smlep,tokusumi,1,fastapi/fastapi
Smlep,valentinDruzhinin,1,fastapi/fastapi
Smlep,vishnuvskvkl,1,fastapi/fastapi
Smlep,waynerv,1,fastapi/fastapi
Smlep,xzmeng,1,fastapi/fastapi
Smlep,yychanlee,1,fastapi/fastapi
Smlep,zhaohan-dong,1,fastapi/fastapi
StefanieSenger,TomDLT,1,scikit-learn/scikit-learn
StefanieSenger,adrinjalali,1,scikit-learn/scikit-learn
StefanieSenger,agramfort,1,scikit-learn/scikit-learn
StefanieSenger,ahojnnes,1,scikit-learn/scikit-learn
StefanieSenger,alextp,1,scikit-learn/scikit-learn
StefanieSenger,amueller,1,scikit-learn/scikit-learn
StefanieSenger,arjoly,1,scikit-learn/scikit-learn
StefanieSenger,betatim,1,scikit-learn/scikit-learn
StefanieSenger,clayw,1,scikit-learn/scikit-learn
StefanieSenger,cmarmo,1,scikit-learn/scikit-learn
StefanieSenger,glemaitre,1,scikit-learn/scikit-learn
StefanieSenger,glouppe,1,scikit-learn/scikit-learn
StefanieSenger,jakevdp,1,scikit-learn/scikit-learn
StefanieSenger,jeremiedbb,1,scikit-learn/scikit-learn
StefanieSenger,jjerphan,1,scikit-learn/scikit-learn
StefanieSenger,jnothman,1,scikit-learn/scikit-learn
StefanieSenger,kemaleren,1,scikit-learn/scikit-learn
StefanieSenger,larsmans,1,scikit-learn/scikit-learn
StefanieSenger,lesteve,1,scikit-learn/scikit-learn
StefanieSenger,lorentzenchr,1,scikit-learn/scikit-learn
StefanieSenger,lucyleeow,1,scikit-learn/scikit-learn
StefanieSenger,mblondel,1,scikit-learn/scikit-learn
StefanieSenger,oddskool,1,scikit-learn/scikit-learn
StefanieSenger,ogrisel,1,scikit-learn/scikit-learn
StefanieSenger,pprett,1,scikit-learn/scikit-learn
StefanieSenger,qinhanmin2014,1,scikit-learn/scikit-learn
StefanieSenger,raghavrv,1,scikit-learn/scikit-learn
StefanieSenger,robertlayton,1,scikit-learn/scikit-learn
StefanieSenger,rth,1,scikit-learn/scikit-learn
StefanieSenger,scikit-learn-bot,1,scikit-learn/scikit-learn
StefanieSenger,thomasjpfan,1,scikit-learn/scikit-learn
StefanieSenger,vene,1,scikit-learn/scikit-learn
StefanieSenger,weilinear,1,scikit-learn/scikit-learn
SwftAlpc,Vincy1230,1,fastapi/fastapi
SwftAlpc,Xewus,1,fastapi/fastapi
SwftAlpc,YuriiMotov,1,fastapi/fastapi
SwftAlpc,Zhongheng-Cheng,1,fastapi/fastapi
SwftAlpc,alejsdev,1,fastapi/fastapi
SwftAlpc,alv2017,1,fastapi/fastapi
SwftAlpc,barsi,1,fastapi/fastapi
SwftAlpc,ceb10n,1,fastapi/fastapi
SwftAlpc,dependabot[bot],1,fastapi/fastapi
SwftAlpc,dmontagu,1,fastapi/fastapi
SwftAlpc,estebanx64,1,fastapi/fastapi
SwftAlpc,euri10,1,fastapi/fastapi
SwftAlpc,github-actions[bot],1,fastapi/fastapi
SwftAlpc,handabaldeep,1,fastapi/fastapi
SwftAlpc,hard-coders,1,fastapi/fastapi
SwftAlpc,hasansezertasan,1,fastapi/fastapi
SwftAlpc,jaystone776,1,fastapi/fastapi
SwftAlpc,kantandane,1,fastapi/fastapi
SwftAlpc,marcelomarkus,1,fastapi/fastapi
SwftAlpc,mariacamilagl,1,fastapi/fastapi
SwftAlpc,nilslindemann,1,fastapi/fastapi
SwftAlpc,pablocm83,1,fastapi/fastapi
SwftAlpc,pre-commit-ci[bot],1,fastapi/fastapi
SwftAlpc,svlandeg,1,fastapi/fastapi
SwftAlpc,tiangolo,1,fastapi/fastapi
SwftAlpc,tokusumi,1,fastapi/fastapi
SwftAlpc,valentinDruzhinin,1,fastapi/fastapi
SwftAlpc,vishnuvskvkl,1,fastapi/fastapi
SwftAlpc,waynerv,1,fastapi/fastapi
SwftAlpc,xzmeng,1,fastapi/fastapi
SwftAlpc,yychanlee,1,fastapi/fastapi
SwftAlpc,zhaohan-dong,1,fastapi/fastapi
ThiefMaster,ThomasWaldmann,1,pallets/flask
ThiefMaster,Winnetou,1,pallets/flask
ThiefMaster,adambyrtek,1,pallets/flask
ThiefMaster,akavlie,1,pallets/flask
ThiefMaster,alexpantyukhin,1,pallets/flask
ThiefMaster,antsar,1,pallets/flask
ThiefMaster,aqt01,1,pallets/flask
ThiefMaster,cvrebert,1,pallets/flask
ThiefMaster,dag,1,pallets/flask
ThiefMaster,davidism,1,pallets/flask
ThiefMaster,dawranliou,1,pallets/flask
ThiefMaster,defuz,1,pallets/flask
ThiefMaster,dependabot-preview[bot],1,pallets/flask
ThiefMaster,dependabot[bot],1,pallets/flask
ThiefMaster,florentx,1,pallets/flask
ThiefMaster,flying-sheep,1,pallets/flask
ThiefMaster,garenchan,1,pallets/flask
ThiefMaster,greyli,1,pallets/flask
ThiefMaster,jab,1,pallets/flask
ThiefMaster,jeffwidman,1,pallets/flask
ThiefMaster,kennethreitz,1,pallets/flask
ThiefMaster,keyan,1,pallets/flask
ThiefMaster,lepture,1,pallets/flask
ThiefMaster,lord63,1,pallets/flask
ThiefMaster,methane,1,pallets/flask
ThiefMaster,miguelgrinberg,1,pallets/flask
ThiefMaster,mitsuhiko,1,pallets/flask
ThiefMaster,pgjones,1,pallets/flask
ThiefMaster,plaes,1,pallets/flask
ThiefMaster,pre-commit-ci[bot],1,pallets/flask
ThiefMaster,rduplain,1,pallets/flask
ThiefMaster,s3rvac,1,pallets/flask
ThiefMaster,tullyrankin,1,pallets/flask
ThiefMaster,untitaker,1,pallets/flask
ThiefMaster,vtbassmatt,1,pallets/flask
ThiefMaster,wgwz,1,pallets/flask
ThiefMaster,yuxiaoy1,1,pallets/flask
ThomasWaldmann,Winnetou,1,pallets/flask
ThomasWaldmann,adambyrtek,1,pallets/flask
ThomasWaldmann,akavlie,1,pallets/flask
ThomasWaldmann,alexpantyukhin,1,pallets/flask
ThomasWaldmann,antsar,1,pallets/flask
ThomasWaldmann,aqt01,1,pallets/flask
ThomasWaldmann,cvrebert,1,pallets/flask
ThomasWaldmann,dag,1,pallets/flask
ThomasWaldmann,davidism,1,pallets/flask
ThomasWaldmann,dawranliou,1,pallets/flask
ThomasWaldmann,defuz,1,pallets/flask
ThomasWaldmann,dependabot-preview[bot],1,pallets/flask
ThomasWaldmann,dependabot[bot],1,pallets/flask
ThomasWaldmann,florentx,1,pallets/flask
ThomasWaldmann,flying-sheep,1,pallets/flask
ThomasWaldmann,garenchan,1,pallets/flask
ThomasWaldmann,greyli,1,pallets/flask
ThomasWaldmann,jab,1,pallets/flask
ThomasWaldmann,jeffwidman,1,pallets/flask
ThomasWaldmann,kennethreitz,1,pallets/flask
ThomasWaldmann,keyan,1,pallets/flask
ThomasWaldmann,lepture,1,pallets/flask
ThomasWaldmann,lord63,1,pallets/flask
ThomasWaldmann,methane,1,pallets/flask
ThomasWaldmann,miguelgrinberg,1,pallets/flask
ThomasWaldmann,mitsuhiko,1,pallets/flask
ThomasWaldmann,pgjones,1,pallets/flask
ThomasWaldmann,plaes,1,pallets/flask
ThomasWaldmann,pre-commit-ci[bot],1,pallets/flask
ThomasWaldmann,rduplain,1,pallets/flask
ThomasWaldmann,s3rvac,1,pallets/flask
ThomasWaldmann,tullyrankin,1,pallets/flask
ThomasWaldmann,untitaker,1,pallets/flask
ThomasWaldmann,vtbassmatt,1,pallets/flask
ThomasWaldmann,wgwz,1,pallets/flask
ThomasWaldmann,yuxiaoy1,1,pallets/flask
TomAugspurger,WillAyd,1,pandas-dev/pandas
TomAugspurger,adamklein,1,pandas-dev/pandas
TomAugspurger,alimcmaster1,1,pandas-dev/pandas
TomAugspurger,attack68,1,pandas-dev/pandas
TomAugspurger,changhiskhan,1,pandas-dev/pandas
TomAugspurger,charlesdong1991,1,pandas-dev/pandas
TomAugspurger,chris-b1,1,pandas-dev/pandas
TomAugspurger,cpcloud,1,pandas-dev/pandas
TomAugspurger,datapythonista,1,pandas-dev/pandas
TomAugspurger,dsaxton,1,pandas-dev/pandas
TomAugspurger,fangchenli,1,pandas-dev/pandas
TomAugspurger,gfyoung,1,pandas-dev/pandas
TomAugspurger,h-vetinari,1,pandas-dev/pandas
TomAugspurger,hayd,1,pandas-dev/pandas
TomAugspurger,jbrockmendel,1,pandas-dev/pandas
TomAugspurger,jorisvandenbossche,1,pandas-dev/pandas
TomAugspurger,jreback,1,pandas-dev/pandas
TomAugspurger,jschendel,1,pandas-dev/pandas
TomAugspurger,jseabold,1,pandas-dev/pandas
TomAugspurger,jtratner,1,pandas-dev/pandas
TomAugspurger,lithomas1,1,pandas-dev/pandas
TomAugspurger,lukemanley,1,pandas-dev/pandas
TomAugspurger,mroeschke,1,pandas-dev/pandas
TomAugspurger,mzeitlin11,1,pandas-dev/pandas
TomAugspurger,natmokval,1,pandas-dev/pandas
TomAugspurger,orbitfold,1,pandas-dev/pandas
TomAugspurger,phofl,1,pandas-dev/pandas
TomAugspurger,rhshadrach,1,pandas-dev/pandas
TomAugspurger,simonjayhawkins,1,pandas-dev/pandas
TomAugspurger,sinhrks,1,pandas-dev/pandas
TomAugspurger,toobaz,1,pandas-dev/pandas
TomAugspurger,topper-123,1,pandas-dev/pandas
TomAugspurger,tuhinsharma121,1,pandas-dev/pandas
TomAugspurger,twoertwein,1,pandas-dev/pandas
TomAugspurger,wesm,1,pandas-dev/pandas
TomDLT,adrinjalali,1,scikit-learn/scikit-learn
TomDLT,agramfort,1,scikit-learn/scikit-learn
TomDLT,ahojnnes,1,scikit-learn/scikit-learn
TomDLT,alextp,1,scikit-learn/scikit-learn
TomDLT,amueller,1,scikit-learn/scikit-learn
TomDLT,arjoly,1,scikit-learn/scikit-learn
TomDLT,betatim,1,scikit-learn/scikit-learn
TomDLT,clayw,1,scikit-learn/scikit-learn
TomDLT,cmarmo,1,scikit-learn/scikit-learn
TomDLT,glemaitre,1,scikit-learn/scikit-learn
TomDLT,glouppe,1,scikit-learn/scikit-learn
TomDLT,jakevdp,1,scikit-learn/scikit-learn
TomDLT,jeremiedbb,1,scikit-learn/scikit-learn
TomDLT,jjerphan,1,scikit-learn/scikit-learn
TomDLT,jnothman,1,scikit-learn/scikit-learn
TomDLT,kemaleren,1,scikit-learn/scikit-learn
TomDLT,larsmans,1,scikit-learn/scikit-learn
TomDLT,lesteve,1,scikit-learn/scikit-learn
TomDLT,lorentzenchr,1,scikit-learn/scikit-learn
TomDLT,lucyleeow,1,scikit-learn/scikit-learn
TomDLT,mblondel,1,scikit-learn/scikit-learn
TomDLT,oddskool,1,scikit-learn/scikit-learn
TomDLT,ogrisel,1,scikit-learn/scikit-learn
TomDLT,pprett,1,scikit-learn/scikit-learn
TomDLT,qinhanmin2014,1,scikit-learn/scikit-learn
TomDLT,raghavrv,1,scikit-learn/scikit-learn
TomDLT,robertlayton,1,scikit-learn/scikit-learn
TomDLT,rth,1,scikit-learn/scikit-learn
TomDLT,scikit-learn-bot,1,scikit-learn/scikit-learn
TomDLT,thomasjpfan,1,scikit-learn/scikit-learn
TomDLT,vene,1,scikit-learn/scikit-learn
TomDLT,weilinear,1,scikit-learn/scikit-learn
Vincy1230,Xewus,1,fastapi/fastapi
Vincy1230,YuriiMotov,1,fastapi/fastapi
Vincy1230,Zhongheng-Cheng,1,fastapi/fastapi
Vincy1230,alejsdev,1,fastapi/fastapi
Vincy1230,alv2017,1,fastapi/fastapi
Vincy1230,barsi,1,fastapi/fastapi
Vincy1230,ceb10n,1,fastapi/fastapi
Vincy1230,dependabot[bot],1,fastapi/fastapi
Vincy1230,dmontagu,1,fastapi/fastapi
Vincy1230,estebanx64,1,fastapi/fastapi
Vincy1230,euri10,1,fastapi/fastapi
Vincy1230,github-actions[bot],1,fastapi/fastapi
Vincy1230,handabaldeep,1,fastapi/fastapi
Vincy1230,hard-coders,1,fastapi/fastapi
Vincy1230,hasansezertasan,1,fastapi/fastapi
Vincy1230,jaystone776,1,fastapi/fastapi
Vincy1230,kantandane,1,fastapi/fastapi
Vincy1230,marcelomarkus,1,fastapi/fastapi
Vincy1230,mariacamilagl,1,fastapi/fastapi
Vincy1230,nilslindemann,1,fastapi/fastapi
Vincy1230,pablocm83,1,fastapi/fastapi
Vincy1230,pre-commit-ci[bot],1,fastapi/fastapi
Vincy1230,svlandeg,1,fastapi/fastapi
Vincy1230,tiangolo,1,fastapi/fastapi
Vincy1230,tokusumi,1,fastapi/fastapi
Vincy1230,valentinDruzhinin,1,fastapi/fastapi
Vincy1230,vishnuvskvkl,1,fastapi/fastapi
Vincy1230,waynerv,1,fastapi/fastapi
Vincy1230,xzmeng,1,fastapi/fastapi
Vincy1230,yychanlee,1,fastapi/fastapi
Vincy1230,zhaohan-dong,1,fastapi/fastapi
WillAyd,adamklein,1,pandas-dev/pandas
WillAyd,alimcmaster1,1,pandas-dev/pandas
WillAyd,attack68,1,pandas-dev/pandas
WillAyd,changhiskhan,1,pandas-dev/pandas
WillAyd,charlesdong1991,1,pandas-dev/pandas
WillAyd,chris-b1,1,pandas-dev/pandas
WillAyd,cpcloud,1,pandas-dev/pandas
WillAyd,datapythonista,1,pandas-dev/pandas
WillAyd,dsaxton,1,pandas-dev/pandas
WillAyd,fangchenli,1,pandas-dev/pandas
WillAyd,gfyoung,1,pandas-dev/pandas
WillAyd,h-vetinari,1,pandas-dev/pandas
WillAyd,hayd,1,pandas-dev/pandas
WillAyd,jbrockmendel,1,pandas-dev/pandas
WillAyd,jorisvandenbossche,1,pandas-dev/pandas
WillAyd,jreback,1,pandas-dev/pandas
WillAyd,jschendel,1,pandas-dev/pandas
WillAyd,jseabold,1,pandas-dev/pandas
WillAyd,jtratner,1,pandas-dev/pandas
WillAyd,lithomas1,1,pandas-dev/pandas
WillAyd,lukemanley,1,pandas-dev/pandas
WillAyd,mroeschke,1,pandas-dev/pandas
WillAyd,mzeitlin11,1,pandas-dev/pandas
WillAyd,natmokval,1,pandas-dev/pandas
WillAyd,orbitfold,1,pandas-dev/pandas
WillAyd,phofl,1,pandas-dev/pandas
WillAyd,rhshadrach,1,pandas-dev/pandas
WillAyd,simonjayhawkins,1,pandas-dev/pandas
WillAyd,sinhrks,1,pandas-dev/pandas
WillAyd,toobaz,1,pandas-dev/pandas
WillAyd,topper-123,1,pandas-dev/pandas
WillAyd,tuhinsharma121,1,pandas-dev/pandas
WillAyd,twoertwein,1,pandas-dev/pandas
WillAyd,wesm,1,pandas-dev/pandas
Winnetou,adambyrtek,1,pallets/flask
Winnetou,akavlie,1,pallets/flask
Winnetou,alexpantyukhin,1,pallets/flask
Winnetou,antsar,1,pallets/flask
Winnetou,aqt01,1,pallets/flask
Winnetou,cvrebert,1,pallets/flask
Winnetou,dag,1,pallets/flask
Winnetou,davidism,1,pallets/flask
Winnetou,dawranliou,1,pallets/flask
Winnetou,defuz,1,pallets/flask
Winnetou,dependabot-preview[bot],1,pallets/flask
Winnetou,dependabot[bot],1,pallets/flask
Winnetou,florentx,1,pallets/flask
Winnetou,flying-sheep,1,pallets/flask
Winnetou,garenchan,1,pallets/flask
Winnetou,greyli,1,pallets/flask
Winnetou,jab,1,pallets/flask
Winnetou,jeffwidman,1,pallets/flask
Winnetou,kennethreitz,1,pallets/flask
Winnetou,keyan,1,pallets/flask
Winnetou,lepture,1,pallets/flask
Winnetou,lord63,1,pallets/flask
Winnetou,methane,1,pallets/flask
Winnetou,miguelgrinberg,1,pallets/flask
Winnetou,mitsuhiko,1,pallets/flask
Winnetou,pgjones,1,pallets/flask
Winnetou,plaes,1,pallets/flask
Winnetou,pre-commit-ci[bot],1,pallets/flask
Winnetou,rduplain,1,pallets/flask
Winnetou,s3rvac,1,pallets/flask
Winnetou,tullyrankin,1,pallets/flask
Winnetou,untitaker,1,pallets/flask
Winnetou,vtbassmatt,1,pallets/flask
Winnetou,wgwz,1,pallets/flask
Winnetou,yuxiaoy1,1,pallets/flask
Xewus,YuriiMotov,1,fastapi/fastapi
Xewus,Zhongheng-Cheng,1,fastapi/fastapi
Xewus,alejsdev,1,fastapi/fastapi
Xewus,alv2017,1,fastapi/fastapi
Xewus,barsi,1,fastapi/fastapi
Xewus,ceb10n,1,fastapi/fastapi
Xewus,dependabot[bot],1,fastapi/fastapi
Xewus,dmontagu,1,fastapi/fastapi
Xewus,estebanx64,1,fastapi/fastapi
Xewus,euri10,1,fastapi/fastapi
Xewus,github-actions[bot],1,fastapi/fastapi
Xewus,handabaldeep,1,fastapi/fastapi
Xewus,hard-coders,1,fastapi/fastapi
Xewus,hasansezertasan,1,fastapi/fastapi
Xewus,jaystone776,1,fastapi/fastapi
Xewus,kantandane,1,fastapi/fastapi
Xewus,marcelomarkus,1,fastapi/fastapi
Xewus,mariacamilagl,1,fastapi/fastapi
Xewus,nilslindemann,1,fastapi/fastapi
Xewus,pablocm83,1,fastapi/fastapi
Xewus,pre-commit-ci[bot],1,fastapi/fastapi
Xewus,svlandeg,1,fastapi/fastapi
Xewus,tiangolo,1,fastapi/fastapi
Xewus,tokusumi,1,fastapi/fastapi
Xewus,valentinDruzhinin,1,fastapi/fastapi
Xewus,vishnuvskvkl,1,fastapi/fastapi
Xewus,waynerv,1,fastapi/fastapi
Xewus,xzmeng,1,fastapi/fastapi
Xewus,yychanlee,1,fastapi/fastapi
Xewus,zhaohan-dong,1,fastapi/fastapi
YuriiMotov,Zhongheng-Cheng,1,fastapi/fastapi
YuriiMotov,alejsdev,1,fastapi/fastapi
YuriiMotov,alv2017,1,fastapi/fastapi
YuriiMotov,barsi,1,fastapi/fastapi
YuriiMotov,ceb10n,1,fastapi/fastapi
YuriiMotov,dependabot[bot],1,fastapi/fastapi
YuriiMotov,dmontagu,1,fastapi/fastapi
YuriiMotov,estebanx64,1,fastapi/fastapi
YuriiMotov,euri10,1,fastapi/fastapi
YuriiMotov,github-actions[bot],1,fastapi/fastapi
YuriiMotov,handabaldeep,1,fastapi/fastapi
YuriiMotov,hard-coders,1,fastapi/fastapi
YuriiMotov,hasansezertasan,1,fastapi/fastapi
YuriiMotov,jaystone776,1,fastapi/fastapi
YuriiMotov,kantandane,1,fastapi/fastapi
YuriiMotov,marcelomarkus,1,fastapi/fastapi
YuriiMotov,mariacamilagl,1,fastapi/fastapi
YuriiMotov,nilslindemann,1,fastapi/fastapi
YuriiMotov,pablocm83,1,fastapi/fastapi
YuriiMotov,pre-commit-ci[bot],1,fastapi/fastapi
YuriiMotov,svlandeg,1,fastapi/fastapi
YuriiMotov,tiangolo,1,fastapi/fastapi
YuriiMotov,tokusumi,1,fastapi/fastapi
YuriiMotov,valentinDruzhinin,1,fastapi/fastapi
YuriiMotov,vishnuvskvkl,1,fastapi/fastapi
YuriiMotov,waynerv,1,fastapi/fastapi
YuriiMotov,xzmeng,1,fastapi/fastapi
YuriiMotov,yychanlee,1,fastapi/fastapi
YuriiMotov,zhaohan-dong,1,fastapi/fastapi
Zhongheng-Cheng,alejsdev,1,fastapi/fastapi
Zhongheng-Cheng,alv2017,1,fastapi/fastapi
Zhongheng-Cheng,barsi,1,fastapi/fastapi
Zhongheng-Cheng,ceb10n,1,fastapi/fastapi
Zhongheng-Cheng,dependabot[bot],1,fastapi/fastapi
Zhongheng-Cheng,dmontagu,1,fastapi/fastapi
Zhongheng-Cheng,estebanx64,1,fastapi/fastapi
Zhongheng-Cheng,euri10,1,fastapi/fastapi
Zhongheng-Cheng,github-actions[bot],1,fastapi/fastapi
Zhongheng-Cheng,handabaldeep,1,fastapi/fastapi
Zhongheng-Cheng,hard-coders,1,fastapi/fastapi
Zhongheng-Cheng,hasansezertasan,1,fastapi/fastapi
Zhongheng-Cheng,jaystone776,1,fastapi/fastapi
Zhongheng-Cheng,kantandane,1,fastapi/fastapi
Zhongheng-Cheng,marcelomarkus,1,fastapi/fastapi
Zhongheng-Cheng,mariacamilagl,1,fastapi/fastapi
Zhongheng-Cheng,nilslindemann,1,fastapi/fastapi
Zhongheng-Cheng,pablocm83,1,fastapi/fastapi
Zhongheng-Cheng,pre-commit-ci[bot],1,fastapi/fastapi
Zhongheng-Cheng,svlandeg,1,fastapi/fastapi
Zhongheng-Cheng,tiangolo,1,fastapi/fastapi
Zhongheng-Cheng,tokusumi,1,fastapi/fastapi
Zhongheng-Cheng,valentinDruzhinin,1,fastapi/fastapi
Zhongheng-Cheng,vishnuvskvkl,1,fastapi/fastapi
Zhongheng-Cheng,waynerv,1,fastapi/fastapi
Zhongheng-Cheng,xzmeng,1,fastapi/fastapi
Zhongheng-Cheng,yychanlee,1,fastapi/fastapi
Zhongheng-Cheng,zhaohan-dong,1,fastapi/fastapi
aaugustin,adamchainz,1,django/django
aaugustin,adrianholovaty,1,django/django
aaugustin,akaariai,1,django/django
aaugustin,alex,1,django/django
aaugustin,andrewgodwin,1,django/django
aaugustin,apollo13,1,django/django
aaugustin,atombrella,1,django/django
aaugustin,bmispelon,1,django/django
aaugustin,brosner,1,django/django
aaugustin,carljm,1,django/django
aaugustin,carltongibson,1,django/django
aaugustin,charettes,1,django/django
aaugustin,cjerdonek,1,django/django
aaugustin,claudep,1,django/django
aaugustin,felixxm,1,django/django
aaugustin,freakboy3742,1,django/django
aaugustin,gdub,1,django/django
aaugustin,hramezani,1,django/django
aaugustin,jacobian,1,django/django
aaugustin,jacobtylerwalls,1,django/django
aaugustin,jbronn,1,django/django
aaugustin,jdufresne,1,django/django
aaugustin,jezdez,1,django/django
aaugustin,jphalip,1,django/django
aaugustin,kmtracey,1,django/django
aaugustin,loic,1,django/django
aaugustin,malcolmt,1,django/django
aaugustin,mjtamlyn,1,django/django
aaugustin,nessita,1,django/django
aaugustin,ngnpope,1,django/django
aaugustin,ramiro,1,django/django
aaugustin,sarahboyce,1,django/django
aaugustin,sir-sigurd,1,django/django
aaugustin,smithdc1,1,django/django
aaugustin,spookylukey,1,django/django
aaugustin,timgraham,1,django/django
aaugustin,ubernostrum,1,django/django
adambyrtek,akavlie,1,pallets/flask
adambyrtek,alexpantyukhin,1,pallets/flask
adambyrtek,antsar,1,pallets/flask
adambyrtek,aqt01,1,pallets/flask
adambyrtek,cvrebert,1,pallets/flask
adambyrtek,dag,1,pallets/flask
adambyrtek,davidism,1,pallets/flask
adambyrtek,dawranliou,1,pallets/flask
adambyrtek,defuz,1,pallets/flask
adambyrtek,dependabot-preview[bot],1,pallets/flask
adambyrtek,dependabot[bot],1,pallets/flask
adambyrtek,florentx,1,pallets/flask
adambyrtek,flying-sheep,1,pallets/flask
adambyrtek,garenchan,1,pallets/flask
adambyrtek,greyli,1,pallets/flask
adambyrtek,jab,1,pallets/flask
adambyrtek,jeffwidman,1,pallets/flask
adambyrtek,kennethreitz,1,pallets/flask
adambyrtek,keyan,1,pallets/flask
adambyrtek,lepture,1,pallets/flask
adambyrtek,lord63,1,pallets/flask
adambyrtek,methane,1,pallets/flask
adambyrtek,miguelgrinberg,1,pallets/flask
adambyrtek,mitsuhiko,1,pallets/flask
adambyrtek,pgjones,1,pallets/flask
adambyrtek,plaes,1,pallets/flask
adambyrtek,pre-commit-ci[bot],1,pallets/flask
adambyrtek,rduplain,1,pallets/flask
adambyrtek,s3rvac,1,pallets/flask
adambyrtek,tullyrankin,1,pallets/flask
adambyrtek,untitaker,1,pallets/flask
adambyrtek,vtbassmatt,1,pallets/flask
adambyrtek,wgwz,1,pallets/flask
adambyrtek,yuxiaoy1,1,pallets/flask
adamchainz,adrianholovaty,1,django/django
adamchainz,akaariai,1,django/django
adamchainz,alex,1,django/django
adamchainz,andrewgodwin,1,django/django
adamchainz,apollo13,1,django/django
adamchainz,atombrella,1,django/django
adamchainz,bmispelon,1,django/django
adamchainz,brosner,1,django/django
adamchainz,carljm,1,django/django
adamchainz,carltongibson,1,django/django
adamchainz,charettes,1,django/django
adamchainz,cjerdonek,1,django/django
adamchainz,claudep,1,django/django
adamchainz,felixxm,1,django/django
adamchainz,freakboy3742,1,django/django
adamchainz,gdub,1,django/django
adamchainz,hramezani,1,django/django
adamchainz,jacobian,1,django/django
adamchainz,jacobtylerwalls,1,django/django
adamchainz,jbronn,1,django/django
adamchainz,jdufresne,1,django/django
adamchainz,jezdez,1,django/django
adamchainz,jphalip,1,django/django
adamchainz,kmtracey,1,django/django
adamchainz,loic,1,django/django
adamchainz,malcolmt,1,django/django
adamchainz,mjtamlyn,1,django/django
adamchainz,nessita,1,django/django
adamchainz,ngnpope,1,django/django
adamchainz,ramiro,1,django/django
adamchainz,sarahboyce,1,django/django
adamchainz,sir-sigurd,1,django/django
adamchainz,smithdc1,1,django/django
adamchainz,spookylukey,1,django/django
adamchainz,timgraham,1,django/django
adamchainz,ubernostrum,1,django/django
adamklein,alimcmaster1,1,pandas-dev/pandas
adamklein,attack68,1,pandas-dev/pandas
adamklein,changhiskhan,1,pandas-dev/pandas
adamklein,charlesdong1991,1,pandas-dev/pandas
adamklein,chris-b1,1,pandas-dev/pandas
adamklein,cpcloud,1,pandas-dev/pandas
adamklein,datapythonista,1,pandas-dev/pandas
adamklein,dsaxton,1,pandas-dev/pandas
adamklein,fangchenli,1,pandas-dev/pandas
adamklein,gfyoung,1,pandas-dev/pandas
adamklein,h-vetinari,1,pandas-dev/pandas
adamklein,hayd,1,pandas-dev/pandas
adamklein,jbrockmendel,1,pandas-dev/pandas
adamklein,jorisvandenbossche,1,pandas-dev/pandas
adamklein,jreback,1,pandas-dev/pandas
adamklein,jschendel,1,pandas-dev/pandas
adamklein,jseabold,1,pandas-dev/pandas
adamklein,jtratner,1,pandas-dev/pandas
adamklein,lithomas1,1,pandas-dev/pandas
adamklein,lukemanley,1,pandas-dev/pandas
adamklein,mroeschke,1,pandas-dev/pandas
adamklein,mzeitlin11,1,pandas-dev/pandas
adamklein,natmokval,1,pandas-dev/pandas
adamklein,orbitfold,1,pandas-dev/pandas
adamklein,phofl,1,pandas-dev/pandas
adamklein,rhshadrach,1,pandas-dev/pandas
adamklein,simonjayhawkins,1,pandas-dev/pandas
adamklein,sinhrks,1,pandas-dev/pandas
adamklein,toobaz,1,pandas-dev/pandas
adamklein,topper-123,1,pandas-dev/pandas
adamklein,tuhinsharma121,1,pandas-dev/pandas
adamklein,twoertwein,1,pandas-dev/pandas
adamklein,wesm,1,pandas-dev/pandas
adrianholovaty,akaariai,1,django/django
adrianholovaty,alex,1,django/django
adrianholovaty,andrewgodwin,1,django/django
adrianholovaty,apollo13,1,django/django
adrianholovaty,atombrella,1,django/django
adrianholovaty,bmispelon,1,django/django
adrianholovaty,brosner,1,django/django
adrianholovaty,carljm,1,django/django
adrianholovaty,carltongibson,1,django/django
adrianholovaty,charettes,1,django/django
adrianholovaty,cjerdonek,1,django/django
adrianholovaty,claudep,1,django/django
adrianholovaty,felixxm,1,django/django
adrianholovaty,freakboy3742,1,django/django
adrianholovaty,gdub,1,django/django
adrianholovaty,hramezani,1,django/django
adrianholovaty,jacobian,1,django/django
adrianholovaty,jacobtylerwalls,1,django/django
adrianholovaty,jbronn,1,django/django
adrianholovaty,jdufresne,1,django/django
adrianholovaty,jezdez,1,django/django
adrianholovaty,jphalip,1,django/django
adrianholovaty,kmtracey,1,django/django
adrianholovaty,loic,1,django/django
adrianholovaty,malcolmt,1,django/django
adrianholovaty,mjtamlyn,1,django/django
adrianholovaty,nessita,1,django/django
adrianholovaty,ngnpope,1,django/django
adrianholovaty,ramiro,1,django/django
adrianholovaty,sarahboyce,1,django/django
adrianholovaty,sir-sigurd,1,django/django
adrianholovaty,smithdc1,1,django/django
adrianholovaty,spookylukey,1,django/django
adrianholovaty,timgraham,1,django/django
adrianholovaty,ubernostrum,1,django/django
adrinjalali,agramfort,1,scikit-learn/scikit-learn
adrinjalali,ahojnnes,1,scikit-learn/scikit-learn
adrinjalali,alextp,1,scikit-learn/scikit-learn
adrinjalali,amueller,1,scikit-learn/scikit-learn
adrinjalali,arjoly,1,scikit-learn/scikit-learn
adrinjalali,betatim,1,scikit-learn/scikit-learn
adrinjalali,clayw,1,scikit-learn/scikit-learn
adrinjalali,cmarmo,1,scikit-learn/scikit-learn
adrinjalali,glemaitre,1,scikit-learn/scikit-learn
adrinjalali,glouppe,1,scikit-learn/scikit-learn
adrinjalali,jakevdp,1,scikit-learn/scikit-learn
adrinjalali,jeremiedbb,1,scikit-learn/scikit-learn
adrinjalali,jjerphan,1,scikit-learn/scikit-learn
adrinjalali,jnothman,1,scikit-learn/scikit-learn
adrinjalali,kemaleren,1,scikit-learn/scikit-learn
adrinjalali,larsmans,1,scikit-learn/scikit-learn
adrinjalali,lesteve,1,scikit-learn/scikit-learn
adrinjalali,lorentzenchr,1,scikit-learn/scikit-learn
adrinjalali,lucyleeow,1,scikit-learn/scikit-learn
adrinjalali,mblondel,1,scikit-learn/scikit-learn
adrinjalali,oddskool,1,scikit-learn/scikit-learn
adrinjalali,ogrisel,1,scikit-learn/scikit-learn
adrinjalali,pprett,1,scikit-learn/scikit-learn
adrinjalali,qinhanmin2014,1,scikit-learn/scikit-learn
adrinjalali,raghavrv,1,scikit-learn/scikit-learn
adrinjalali,robertlayton,1,scikit-learn/scikit-learn
adrinjalali,rth,1,scikit-learn/scikit-learn
adrinjalali,scikit-learn-bot,1,scikit-learn/scikit-learn
adrinjalali,thomasjpfan,1,scikit-learn/scikit-learn
adrinjalali,vene,1,scikit-learn/scikit-learn
adrinjalali,weilinear,1,scikit-learn/scikit-learn
agramfort,ahojnnes,1,scikit-learn/scikit-learn
agramfort,alextp,1,scikit-learn/scikit-learn
agramfort,amueller,1,scikit-learn/scikit-learn
agramfort,arjoly,1,scikit-learn/scikit-learn
agramfort,betatim,1,scikit-learn/scikit-learn
agramfort,clayw,1,scikit-learn/scikit-learn
agramfort,cmarmo,1,scikit-learn/scikit-learn
agramfort,glemaitre,1,scikit-learn/scikit-learn
agramfort,glouppe,1,scikit-learn/scikit-learn
agramfort,jakevdp,1,scikit-learn/scikit-learn
agramfort,jeremiedbb,1,scikit-learn/scikit-learn
agramfort,jjerphan,1,scikit-learn/scikit-learn
agramfort,jnothman,1,scikit-learn/scikit-learn
agramfort,kemaleren,1,scikit-learn/scikit-learn
agramfort,larsmans,1,scikit-learn/scikit-learn
agramfort,lesteve,1,scikit-learn/scikit-learn
agramfort,lorentzenchr,1,scikit-learn/scikit-learn
agramfort,lucyleeow,1,scikit-learn/scikit-learn
agramfort,mblondel,1,scikit-learn/scikit-learn
agramfort,oddskool,1,scikit-learn/scikit-learn
agramfort,ogrisel,1,scikit-learn/scikit-learn
agramfort,pprett,1,scikit-learn/scikit-learn
agramfort,qinhanmin2014,1,scikit-learn/scikit-learn
agramfort,raghavrv,1,scikit-learn/scikit-learn
agramfort,robertlayton,1,scikit-learn/scikit-learn
agramfort,rth,1,scikit-learn/scikit-learn
agramfort,scikit-learn-bot,1,scikit-learn/scikit-learn
agramfort,thomasjpfan,1,scikit-learn/scikit-learn
agramfort,vene,1,scikit-learn/scikit-learn
agramfort,weilinear,1,scikit-learn/scikit-learn
ahojnnes,alextp,1,scikit-learn/scikit-learn
ahojnnes,amueller,1,scikit-learn/scikit-learn
ahojnnes,arjoly,1,scikit-learn/scikit-learn
ahojnnes,betatim,1,scikit-learn/scikit-learn
ahojnnes,clayw,1,scikit-learn/scikit-learn
ahojnnes,cmarmo,1,scikit-learn/scikit-learn
ahojnnes,glemaitre,1,scikit-learn/scikit-learn
ahojnnes,glouppe,1,scikit-learn/scikit-learn
ahojnnes,jakevdp,1,scikit-learn/scikit-learn
ahojnnes,jeremiedbb,1,scikit-learn/scikit-learn
ahojnnes,jjerphan,1,scikit-learn/scikit-learn
ahojnnes,jnothman,1,scikit-learn/scikit-learn
ahojnnes,kemaleren,1,scikit-learn/scikit-learn
ahojnnes,larsmans,1,scikit-learn/scikit-learn
ahojnnes,lesteve,1,scikit-learn/scikit-learn
ahojnnes,lorentzenchr,1,scikit-learn/scikit-learn
ahojnnes,lucyleeow,1,scikit-learn/scikit-learn
ahojnnes,mblondel,1,scikit-learn/scikit-learn
ahojnnes,oddskool,1,scikit-learn/scikit-learn
ahojnnes,ogrisel,1,scikit-learn/scikit-learn
ahojnnes,pprett,1,scikit-learn/scikit-learn
ahojnnes,qinhanmin2014,1,scikit-learn/scikit-learn
ahojnnes,raghavrv,1,scikit-learn/scikit-learn
ahojnnes,robertlayton,1,scikit-learn/scikit-learn
ahojnnes,rth,1,scikit-learn/scikit-learn
ahojnnes,scikit-learn-bot,1,scikit-learn/scikit-learn
ahojnnes,thomasjpfan,1,scikit-learn/scikit-learn
ahojnnes,vene,1,scikit-learn/scikit-learn
ahojnnes,weilinear,1,scikit-learn/scikit-learn
akaariai,alex,1,django/django
akaariai,andrewgodwin,1,django/django
akaariai,apollo13,1,django/django
akaariai,atombrella,1,django/django
akaariai,bmispelon,1,django/django
akaariai,brosner,1,django/django
akaariai,carljm,1,django/django
akaariai,carltongibson,1,django/django
akaariai,charettes,1,django/django
akaariai,cjerdonek,1,django/django
akaariai,claudep,1,django/django
akaariai,felixxm,1,django/django
akaariai,freakboy3742,1,django/django
akaariai,gdub,1,django/django
akaariai,hramezani,1,django/django
akaariai,jacobian,1,django/django
akaariai,jacobtylerwalls,1,django/django
akaariai,jbronn,1,django/django
akaariai,jdufresne,1,django/django
akaariai,jezdez,1,django/django
akaariai,jphalip,1,django/django
akaariai,kmtracey,1,django/django
akaariai,loic,1,django/django
akaariai,malcolmt,1,django/django
akaariai,mjtamlyn,1,django/django
akaariai,nessita,1,django/django
akaariai,ngnpope,1,django/django
akaariai,ramiro,1,django/django
akaariai,sarahboyce,1,django/django
akaariai,sir-sigurd,1,django/django
akaariai,smithdc1,1,django/django
akaariai,spookylukey,1,django/django
akaariai,timgraham,1,django/django
akaariai,ubernostrum,1,django/django
akavlie,alexpantyukhin,1,pallets/flask
akavlie,antsar,1,pallets/flask
akavlie,aqt01,1,pallets/flask
akavlie,cvrebert,1,pallets/flask
akavlie,dag,1,pallets/flask
akavlie,davidism,1,pallets/flask
akavlie,dawranliou,1,pallets/flask
akavlie,defuz,1,pallets/flask
akavlie,dependabot-preview[bot],1,pallets/flask
akavlie,dependabot[bot],1,pallets/flask
akavlie,florentx,1,pallets/flask
akavlie,flying-sheep,1,pallets/flask
akavlie,garenchan,1,pallets/flask
akavlie,greyli,1,pallets/flask
akavlie,jab,1,pallets/flask
akavlie,jeffwidman,1,pallets/flask
akavlie,kennethreitz,1,pallets/flask
akavlie,keyan,1,pallets/flask
akavlie,lepture,1,pallets/flask
akavlie,lord63,1,pallets/flask
akavlie,methane,1,pallets/flask
akavlie,miguelgrinberg,1,pallets/flask
akavlie,mitsuhiko,1,pallets/flask
akavlie,pgjones,1,pallets/flask
akavlie,plaes,1,pallets/flask
akavlie,pre-commit-ci[bot],1,pallets/flask
akavlie,rduplain,1,pallets/flask
akavlie,s3rvac,1,pallets/flask
akavlie,tullyrankin,1,pallets/flask
akavlie,untitaker,1,pallets/flask
akavlie,vtbassmatt,1,pallets/flask
akavlie,wgwz,1,pallets/flask
akavlie,yuxiaoy1,1,pallets/flask
alejsdev,alv2017,1,fastapi/fastapi
alejsdev,barsi,1,fastapi/fastapi
alejsdev,ceb10n,1,fastapi/fastapi
alejsdev,dependabot[bot],1,fastapi/fastapi
alejsdev,dmontagu,1,fastapi/fastapi
alejsdev,estebanx64,1,fastapi/fastapi
alejsdev,euri10,1,fastapi/fastapi
alejsdev,github-actions[bot],1,fastapi/fastapi
alejsdev,handabaldeep,1,fastapi/fastapi
alejsdev,hard-coders,1,fastapi/fastapi
alejsdev,hasansezertasan,1,fastapi/fastapi
alejsdev,jaystone776,1,fastapi/fastapi
alejsdev,kantandane,1,fastapi/fastapi
alejsdev,marcelomarkus,1,fastapi/fastapi
alejsdev,mariacamilagl,1,fastapi/fastapi
alejsdev,nilslindemann,1,fastapi/fastapi
alejsdev,pablocm83,1,fastapi/fastapi
alejsdev,pre-commit-ci[bot],1,fastapi/fastapi
alejsdev,svlandeg,1,fastapi/fastapi
alejsdev,tiangolo,1,fastapi/fastapi
alejsdev,tokusumi,1,fastapi/fastapi
alejsdev,valentinDruzhinin,1,fastapi/fastapi
alejsdev,vishnuvskvkl,1,fastapi/fastapi
alejsdev,waynerv,1,fastapi/fastapi
alejsdev,xzmeng,1,fastapi/fastapi
alejsdev,yychanlee,1,fastapi/fastapi
alejsdev,zhaohan-dong,1,fastapi/fastapi
alex,andrewgodwin,1,django/django
alex,apollo13,1,django/django
alex,atombrella,1,django/django
alex,bmispelon,1,django/django
alex,brosner,1,django/django
alex,carljm,1,django/django
alex,carltongibson,1,django/django
alex,charettes,1,django/django
alex,cjerdonek,1,django/django
alex,claudep,1,django/django
alex,felixxm,1,django/django
alex,freakboy3742,1,django/django
alex,gdub,1,django/django
alex,hramezani,1,django/django
alex,jacobian,1,django/django
alex,jacobtylerwalls,1,django/django
alex,jbronn,1,django/django
alex,jdufresne,1,django/django
alex,jezdez,1,django/django
alex,jphalip,1,django/django
alex,kmtracey,1,django/django
alex,loic,1,django/django
alex,malcolmt,1,django/django
alex,mjtamlyn,1,django/django
alex,nessita,1,django/django
alex,ngnpope,1,django/django
alex,ramiro,1,django/django
alex,sarahboyce,1,django/django
alex,sir-sigurd,1,django/django
alex,smithdc1,1,django/django
alex,spookylukey,1,django/django
alex,timgraham,1,django/django
alex,ubernostrum,1,django/django
alexpantyukhin,antsar,1,pallets/flask
alexpantyukhin,aqt01,1,pallets/flask
alexpantyukhin,cvrebert,1,pallets/flask
alexpantyukhin,dag,1,pallets/flask
alexpantyukhin,davidism,1,pallets/flask
alexpantyukhin,dawranliou,1,pallets/flask
alexpantyukhin,defuz,1,pallets/flask
alexpantyukhin,dependabot-preview[bot],1,pallets/flask
alexpantyukhin,dependabot[bot],1,pallets/flask
alexpantyukhin,florentx,1,pallets/flask
alexpantyukhin,flying-sheep,1,pallets/flask
alexpantyukhin,garenchan,1,pallets/flask
alexpantyukhin,greyli,1,pallets/flask
alexpantyukhin,jab,1,pallets/flask
alexpantyukhin,jeffwidman,1,pallets/flask
alexpantyukhin,kennethreitz,1,pallets/flask
alexpantyukhin,keyan,1,pallets/flask
alexpantyukhin,lepture,1,pallets/flask
alexpantyukhin,lord63,1,pallets/flask
alexpantyukhin,methane,1,pallets/flask
alexpantyukhin,miguelgrinberg,1,pallets/flask
alexpantyukhin,mitsuhiko,1,pallets/flask
alexpantyukhin,pgjones,1,pallets/flask
alexpantyukhin,plaes,1,pallets/flask
alexpantyukhin,pre-commit-ci[bot],1,pallets/flask
alexpantyukhin,rduplain,1,pallets/flask
alexpantyukhin,s3rvac,1,pallets/flask
alexpantyukhin,tullyrankin,1,pallets/flask
alexpantyukhin,untitaker,1,pallets/flask
alexpantyukhin,vtbassmatt,1,pallets/flask
alexpantyukhin,wgwz,1,pallets/flask
alexpantyukhin,yuxiaoy1,1,pallets/flask
alextp,amueller,1,scikit-learn/scikit-learn
alextp,arjoly,1,scikit-learn/scikit-learn
alextp,betatim,1,scikit-learn/scikit-learn
alextp,clayw,1,scikit-learn/scikit-learn
alextp,cmarmo,1,scikit-learn/scikit-learn
alextp,glemaitre,1,scikit-learn/scikit-learn
alextp,glouppe,1,scikit-learn/scikit-learn
alextp,jakevdp,1,scikit-learn/scikit-learn
alextp,jeremiedbb,1,scikit-learn/scikit-learn
alextp,jjerphan,1,scikit-learn/scikit-learn
alextp,jnothman,1,scikit-learn/scikit-learn
alextp,kemaleren,1,scikit-learn/scikit-learn
alextp,larsmans,1,scikit-learn/scikit-learn
alextp,lesteve,1,scikit-learn/scikit-learn
alextp,lorentzenchr,1,scikit-learn/scikit-learn
alextp,lucyleeow,1,scikit-learn/scikit-learn
alextp,mblondel,1,scikit-learn/scikit-learn
alextp,oddskool,1,scikit-learn/scikit-learn
alextp,ogrisel,1,scikit-learn/scikit-learn
alextp,pprett,1,scikit-learn/scikit-learn
alextp,qinhanmin2014,1,scikit-learn/scikit-learn
alextp,raghavrv,1,scikit-learn/scikit-learn
alextp,robertlayton,1,scikit-learn/scikit-learn
alextp,rth,1,scikit-learn/scikit-learn
alextp,scikit-learn-bot,1,scikit-learn/scikit-learn
alextp,thomasjpfan,1,scikit-learn/scikit-learn
alextp,vene,1,scikit-learn/scikit-learn
alextp,weilinear,1,scikit-learn/scikit-learn
alimcmaster1,attack68,1,pandas-dev/pandas
alimcmaster1,changhiskhan,1,pandas-dev/pandas
alimcmaster1,charlesdong1991,1,pandas-dev/pandas
alimcmaster1,chris-b1,1,pandas-dev/pandas
alimcmaster1,cpcloud,1,pandas-dev/pandas
alimcmaster1,datapythonista,1,pandas-dev/pandas
alimcmaster1,dsaxton,1,pandas-dev/pandas
alimcmaster1,fangchenli,1,pandas-dev/pandas
alimcmaster1,gfyoung,1,pandas-dev/pandas
alimcmaster1,h-vetinari,1,pandas-dev/pandas
alimcmaster1,hayd,1,pandas-dev/pandas
alimcmaster1,jbrockmendel,1,pandas-dev/pandas
alimcmaster1,jorisvandenbossche,1,pandas-dev/pandas
alimcmaster1,jreback,1,pandas-dev/pandas
alimcmaster1,jschendel,1,pandas-dev/pandas
alimcmaster1,jseabold,1,pandas-dev/pandas
alimcmaster1,jtratner,1,pandas-dev/pandas
alimcmaster1,lithomas1,1,pandas-dev/pandas
alimcmaster1,lukemanley,1,pandas-dev/pandas
alimcmaster1,mroeschke,1,pandas-dev/pandas
alimcmaster1,mzeitlin11,1,pandas-dev/pandas
alimcmaster1,natmokval,1,pandas-dev/pandas
alimcmaster1,orbitfold,1,pandas-dev/pandas
alimcmaster1,phofl,1,pandas-dev/pandas
alimcmaster1,rhshadrach,1,pandas-dev/pandas
alimcmaster1,simonjayhawkins,1,pandas-dev/pandas
alimcmaster1,sinhrks,1,pandas-dev/pandas
alimcmaster1,toobaz,1,pandas-dev/pandas
alimcmaster1,topper-123,1,pandas-dev/pandas
alimcmaster1,tuhinsharma121,1,pandas-dev/pandas
alimcmaster1,twoertwein,1,pandas-dev/pandas
alimcmaster1,wesm,1,pandas-dev/pandas
alv2017,barsi,1,fastapi/fastapi
alv2017,ceb10n,1,fastapi/fastapi
alv2017,dependabot[bot],1,fastapi/fastapi
alv2017,dmontagu,1,fastapi/fastapi
alv2017,estebanx64,1,fastapi/fastapi
alv2017,euri10,1,fastapi/fastapi
alv2017,github-actions[bot],1,fastapi/fastapi
alv2017,handabaldeep,1,fastapi/fastapi
alv2017,hard-coders,1,fastapi/fastapi
alv2017,hasansezertasan,1,fastapi/fastapi
alv2017,jaystone776,1,fastapi/fastapi
alv2017,kantandane,1,fastapi/fastapi
alv2017,marcelomarkus,1,fastapi/fastapi
alv2017,mariacamilagl,1,fastapi/fastapi
alv2017,nilslindemann,1,fastapi/fastapi
alv2017,pablocm83,1,fastapi/fastapi
alv2017,pre-commit-ci[bot],1,fastapi/fastapi
alv2017,svlandeg,1,fastapi/fastapi
alv2017,tiangolo,1,fastapi/fastapi
alv2017,tokusumi,1,fastapi/fastapi
alv2017,valentinDruzhinin,1,fastapi/fastapi
alv2017,vishnuvskvkl,1,fastapi/fastapi
alv2017,waynerv,1,fastapi/fastapi
alv2017,xzmeng,1,fastapi/fastapi
alv2017,yychanlee,1,fastapi/fastapi
alv2017,zhaohan-dong,1,fastapi/fastapi
amueller,arjoly,1,scikit-learn/scikit-learn
amueller,betatim,1,scikit-learn/scikit-learn
amueller,clayw,1,scikit-learn/scikit-learn
amueller,cmarmo,1,scikit-learn/scikit-learn
amueller,glemaitre,1,scikit-learn/scikit-learn
amueller,glouppe,1,scikit-learn/scikit-learn
amueller,jakevdp,1,scikit-learn/scikit-learn
amueller,jeremiedbb,1,scikit-learn/scikit-learn
amueller,jjerphan,1,scikit-learn/scikit-learn
amueller,jnothman,1,scikit-learn/scikit-learn
amueller,kemaleren,1,scikit-learn/scikit-learn
amueller,larsmans,1,scikit-learn/scikit-learn
amueller,lesteve,1,scikit-learn/scikit-learn
amueller,lorentzenchr,1,scikit-learn/scikit-learn
amueller,lucyleeow,1,scikit-learn/scikit-learn
amueller,mblondel,1,scikit-learn/scikit-learn
amueller,oddskool,1,scikit-learn/scikit-learn
amueller,ogrisel,1,scikit-learn/scikit-learn
amueller,pprett,1,scikit-learn/scikit-learn
amueller,qinhanmin2014,1,scikit-learn/scikit-learn
amueller,raghavrv,1,scikit-learn/scikit-learn
amueller,robertlayton,1,scikit-learn/scikit-learn
amueller,rth,1,scikit-learn/scikit-learn
amueller,scikit-learn-bot,1,scikit-learn/scikit-learn
amueller,thomasjpfan,1,scikit-learn/scikit-learn
amueller,vene,1,scikit-learn/scikit-learn
amueller,weilinear,1,scikit-learn/scikit-learn
andrewgodwin,apollo13,1,django/django
andrewgodwin,atombrella,1,django/django
andrewgodwin,bmispelon,1,django/django
andrewgodwin,brosner,1,django/django
andrewgodwin,carljm,1,django/django
andrewgodwin,carltongibson,1,django/django
andrewgodwin,charettes,1,django/django
andrewgodwin,cjerdonek,1,django/django
andrewgodwin,claudep,1,django/django
andrewgodwin,felixxm,1,django/django
andrewgodwin,freakboy3742,1,django/django
andrewgodwin,gdub,1,django/django
andrewgodwin,hramezani,1,django/django
andrewgodwin,jacobian,1,django/django
andrewgodwin,jacobtylerwalls,1,django/django
andrewgodwin,jbronn,1,django/django
andrewgodwin,jdufresne,1,django/django
andrewgodwin,jezdez,1,django/django
andrewgodwin,jphalip,1,django/django
andrewgodwin,kmtracey,1,django/django
andrewgodwin,loic,1,django/django
andrewgodwin,malcolmt,1,django/django
andrewgodwin,mjtamlyn,1,django/django
andrewgodwin,nessita,1,django/django
andrewgodwin,ngnpope,1,django/django
andrewgodwin,ramiro,1,django/django
andrewgodwin,sarahboyce,1,django/django
andrewgodwin,sir-sigurd,1,django/django
andrewgodwin,smithdc1,1,django/django
andrewgodwin,spookylukey,1,django/django
andrewgodwin,timgraham,1,django/django
andrewgodwin,ubernostrum,1,django/django
antsar,aqt01,1,pallets/flask
antsar,cvrebert,1,pallets/flask
antsar,dag,1,pallets/flask
antsar,davidism,1,pallets/flask
antsar,dawranliou,1,pallets/flask
antsar,defuz,1,pallets/flask
antsar,dependabot-preview[bot],1,pallets/flask
antsar,dependabot[bot],1,pallets/flask
antsar,florentx,1,pallets/flask
antsar,flying-sheep,1,pallets/flask
antsar,garenchan,1,pallets/flask
antsar,greyli,1,pallets/flask
antsar,jab,1,pallets/flask
antsar,jeffwidman,1,pallets/flask
antsar,kennethreitz,1,pallets/flask
antsar,keyan,1,pallets/flask
antsar,lepture,1,pallets/flask
antsar,lord63,1,pallets/flask
antsar,methane,1,pallets/flask
antsar,miguelgrinberg,1,pallets/flask
antsar,mitsuhiko,1,pallets/flask
antsar,pgjones,1,pallets/flask
antsar,plaes,1,pallets/flask
antsar,pre-commit-ci[bot],1,pallets/flask
antsar,rduplain,1,pallets/flask
antsar,s3rvac,1,pallets/flask
antsar,tullyrankin,1,pallets/flask
antsar,untitaker,1,pallets/flask
antsar,vtbassmatt,1,pallets/flask
antsar,wgwz,1,pallets/flask
antsar,yuxiaoy1,1,pallets/flask
apollo13,atombrella,1,django/django
apollo13,bmispelon,1,django/django
apollo13,brosner,1,django/django
apollo13,carljm,1,django/django
apollo13,carltongibson,1,django/django
apollo13,charettes,1,django/django
apollo13,cjerdonek,1,django/django
apollo13,claudep,1,django/django
apollo13,felixxm,1,django/django
apollo13,freakboy3742,1,django/django
apollo13,gdub,1,django/django
apollo13,hramezani,1,django/django
apollo13,jacobian,1,django/django
apollo13,jacobtylerwalls,1,django/django
apollo13,jbronn,1,django/django
apollo13,jdufresne,1,django/django
apollo13,jezdez,1,django/django
apollo13,jphalip,1,django/django
apollo13,kmtracey,1,django/django
apollo13,loic,1,django/django
apollo13,malcolmt,1,django/django
apollo13,mjtamlyn,1,django/django
apollo13,nessita,1,django/django
apollo13,ngnpope,1,django/django
apollo13,ramiro,1,django/django
apollo13,sarahboyce,1,django/django
apollo13,sir-sigurd,1,django/django
apollo13,smithdc1,1,django/django
apollo13,spookylukey,1,django/django
apollo13,timgraham,1,django/django
apollo13,ubernostrum,1,django/django
aqt01,cvrebert,1,pallets/flask
aqt01,dag,1,pallets/flask
aqt01,davidism,1,pallets/flask
aqt01,dawranliou,1,pallets/flask
aqt01,defuz,1,pallets/flask
aqt01,dependabot-preview[bot],1,pallets/flask
aqt01,dependabot[bot],1,pallets/flask
aqt01,florentx,1,pallets/flask
aqt01,flying-sheep,1,pallets/flask
aqt01,garenchan,1,pallets/flask
aqt01,greyli,1,pallets/flask
aqt01,jab,1,pallets/flask
aqt01,jeffwidman,1,pallets/flask
aqt01,kennethreitz,1,pallets/flask
aqt01,keyan,1,pallets/flask
aqt01,lepture,1,pallets/flask
aqt01,lord63,1,pallets/flask
aqt01,methane,1,pallets/flask
aqt01,miguelgrinberg,1,pallets/flask
aqt01,mitsuhiko,1,pallets/flask
aqt01,pgjones,1,pallets/flask
aqt01,plaes,1,pallets/flask
aqt01,pre-commit-ci[bot],1,pallets/flask
aqt01,rduplain,1,pallets/flask
aqt01,s3rvac,1,pallets/flask
aqt01,tullyrankin,1,pallets/flask
aqt01,untitaker,1,pallets/flask
aqt01,vtbassmatt,1,pallets/flask
aqt01,wgwz,1,pallets/flask
aqt01,yuxiaoy1,1,pallets/flask
arjoly,betatim,1,scikit-learn/scikit-learn
arjoly,clayw,1,scikit-learn/scikit-learn
arjoly,cmarmo,1,scikit-learn/scikit-learn
arjoly,glemaitre,1,scikit-learn/scikit-learn
arjoly,glouppe,1,scikit-learn/scikit-learn
arjoly,jakevdp,1,scikit-learn/scikit-learn
arjoly,jeremiedbb,1,scikit-learn/scikit-learn
arjoly,jjerphan,1,scikit-learn/scikit-learn
arjoly,jnothman,1,scikit-learn/scikit-learn
arjoly,kemaleren,1,scikit-learn/scikit-learn
arjoly,larsmans,1,scikit-learn/scikit-learn
arjoly,lesteve,1,scikit-learn/scikit-learn
arjoly,lorentzenchr,1,scikit-learn/scikit-learn
arjoly,lucyleeow,1,scikit-learn/scikit-learn
arjoly,mblondel,1,scikit-learn/scikit-learn
arjoly,oddskool,1,scikit-learn/scikit-learn
arjoly,ogrisel,1,scikit-learn/scikit-learn
arjoly,pprett,1,scikit-learn/scikit-learn
arjoly,qinhanmin2014,1,scikit-learn/scikit-learn
arjoly,raghavrv,1,scikit-learn/scikit-learn
arjoly,robertlayton,1,scikit-learn/scikit-learn
arjoly,rth,1,scikit-learn/scikit-learn
arjoly,scikit-learn-bot,1,scikit-learn/scikit-learn
arjoly,thomasjpfan,1,scikit-learn/scikit-learn
arjoly,vene,1,scikit-learn/scikit-learn
arjoly,weilinear,1,scikit-learn/scikit-learn
atombrella,bmispelon,1,django/django
atombrella,brosner,1,django/django
atombrella,carljm,1,django/django
atombrella,carltongibson,1,django/django
atombrella,charettes,1,django/django
atombrella,cjerdonek,1,django/django
atombrella,claudep,1,django/django
atombrella,felixxm,1,django/django
atombrella,freakboy3742,1,django/django
atombrella,gdub,1,django/django
atombrella,hramezani,1,django/django
atombrella,jacobian,1,django/django
atombrella,jacobtylerwalls,1,django/django
atombrella,jbronn,1,django/django
atombrella,jdufresne,1,django/django
atombrella,jezdez,1,django/django
atombrella,jphalip,1,django/django
atombrella,kmtracey,1,django/django
atombrella,loic,1,django/django
atombrella,malcolmt,1,django/django
atombrella,mjtamlyn,1,django/django
atombrella,nessita,1,django/django
atombrella,ngnpope,1,django/django
atombrella,ramiro,1,django/django
atombrella,sarahboyce,1,django/django
atombrella,sir-sigurd,1,django/django
atombrella,smithdc1,1,django/django
atombrella,spookylukey,1,django/django
atombrella,timgraham,1,django/django
atombrella,ubernostrum,1,django/django
attack68,changhiskhan,1,pandas-dev/pandas
attack68,charlesdong1991,1,pandas-dev/pandas
attack68,chris-b1,1,pandas-dev/pandas
attack68,cpcloud,1,pandas-dev/pandas
attack68,datapythonista,1,pandas-dev/pandas
attack68,dsaxton,1,pandas-dev/pandas
attack68,fangchenli,1,pandas-dev/pandas
attack68,gfyoung,1,pandas-dev/pandas
attack68,h-vetinari,1,pandas-dev/pandas
attack68,hayd,1,pandas-dev/pandas
attack68,jbrockmendel,1,pandas-dev/pandas
attack68,jorisvandenbossche,1,pandas-dev/pandas
attack68,jreback,1,pandas-dev/pandas
attack68,jschendel,1,pandas-dev/pandas
attack68,jseabold,1,pandas-dev/pandas
attack68,jtratner,1,pandas-dev/pandas
attack68,lithomas1,1,pandas-dev/pandas
attack68,lukemanley,1,pandas-dev/pandas
attack68,mroeschke,1,pandas-dev/pandas
attack68,mzeitlin11,1,pandas-dev/pandas
attack68,natmokval,1,pandas-dev/pandas
attack68,orbitfold,1,pandas-dev/pandas
attack68,phofl,1,pandas-dev/pandas
attack68,rhshadrach,1,pandas-dev/pandas
attack68,simonjayhawkins,1,pandas-dev/pandas
attack68,sinhrks,1,pandas-dev/pandas
attack68,toobaz,1,pandas-dev/pandas
attack68,topper-123,1,pandas-dev/pandas
attack68,tuhinsharma121,1,pandas-dev/pandas
attack68,twoertwein,1,pandas-dev/pandas
attack68,wesm,1,pandas-dev/pandas
barsi,ceb10n,1,fastapi/fastapi
barsi,dependabot[bot],1,fastapi/fastapi
barsi,dmontagu,1,fastapi/fastapi
barsi,estebanx64,1,fastapi/fastapi
barsi,euri10,1,fastapi/fastapi
barsi,github-actions[bot],1,fastapi/fastapi
barsi,handabaldeep,1,fastapi/fastapi
barsi,hard-coders,1,fastapi/fastapi
barsi,hasansezertasan,1,fastapi/fastapi
barsi,jaystone776,1,fastapi/fastapi
barsi,kantandane,1,fastapi/fastapi
barsi,marcelomarkus,1,fastapi/fastapi
barsi,mariacamilagl,1,fastapi/fastapi
barsi,nilslindemann,1,fastapi/fastapi
barsi,pablocm83,1,fastapi/fastapi
barsi,pre-commit-ci[bot],1,fastapi/fastapi
barsi,svlandeg,1,fastapi/fastapi
barsi,tiangolo,1,fastapi/fastapi
barsi,tokusumi,1,fastapi/fastapi
barsi,valentinDruzhinin,1,fastapi/fastapi
barsi,vishnuvskvkl,1,fastapi/fastapi
barsi,waynerv,1,fastapi/fastapi
barsi,xzmeng,1,fastapi/fastapi
barsi,yychanlee,1,fastapi/fastapi
barsi,zhaohan-dong,1,fastapi/fastapi
betatim,clayw,1,scikit-learn/scikit-learn
betatim,cmarmo,1,scikit-learn/scikit-learn
betatim,glemaitre,1,scikit-learn/scikit-learn
betatim,glouppe,1,scikit-learn/scikit-learn
betatim,jakevdp,1,scikit-learn/scikit-learn
betatim,jeremiedbb,1,scikit-learn/scikit-learn
betatim,jjerphan,1,scikit-learn/scikit-learn
betatim,jnothman,1,scikit-learn/scikit-learn
betatim,kemaleren,1,scikit-learn/scikit-learn
betatim,larsmans,1,scikit-learn/scikit-learn
betatim,lesteve,1,scikit-learn/scikit-learn
betatim,lorentzenchr,1,scikit-learn/scikit-learn
betatim,lucyleeow,1,scikit-learn/scikit-learn
betatim,mblondel,1,scikit-learn/scikit-learn
betatim,oddskool,1,scikit-learn/scikit-learn
betatim,ogrisel,1,scikit-learn/scikit-learn
betatim,pprett,1,scikit-learn/scikit-learn
betatim,qinhanmin2014,1,scikit-learn/scikit-learn
betatim,raghavrv,1,scikit-learn/scikit-learn
betatim,robertlayton,1,scikit-learn/scikit-learn
betatim,rth,1,scikit-learn/scikit-learn
betatim,scikit-learn-bot,1,scikit-learn/scikit-learn
betatim,thomasjpfan,1,scikit-learn/scikit-learn
betatim,vene,1,scikit-learn/scikit-learn
betatim,weilinear,1,scikit-learn/scikit-learn
bmispelon,brosner,1,django/django
bmispelon,carljm,1,django/django
bmispelon,carltongibson,1,django/django
bmispelon,charettes,1,django/django
bmispelon,cjerdonek,1,django/django
bmispelon,claudep,1,django/django
bmispelon,felixxm,1,django/django
bmispelon,freakboy3742,1,django/django
bmispelon,gdub,1,django/django
bmispelon,hramezani,1,django/django
bmispelon,jacobian,1,django/django
bmispelon,jacobtylerwalls,1,django/django
bmispelon,jbronn,1,django/django
bmispelon,jdufresne,1,django/django
bmispelon,jezdez,1,django/django
bmispelon,jphalip,1,django/django
bmispelon,kmtracey,1,django/django
bmispelon,loic,1,django/django
bmispelon,malcolmt,1,django/django
bmispelon,mjtamlyn,1,django/django
bmispelon,nessita,1,django/django
bmispelon,ngnpope,1,django/django
bmispelon,ramiro,1,django/django
bmispelon,sarahboyce,1,django/django
bmispelon,sir-sigurd,1,django/django
bmispelon,smithdc1,1,django/django
bmispelon,spookylukey,1,django/django
bmispelon,timgraham,1,django/django
bmispelon,ubernostrum,1,django/django
brosner,carljm,1,django/django
brosner,carltongibson,1,django/django
brosner,charettes,1,django/django
brosner,cjerdonek,1,django/django
brosner,claudep,1,django/django
brosner,felixxm,1,django/django
brosner,freakboy3742,1,django/django
brosner,gdub,1,django/django
brosner,hramezani,1,django/django
brosner,jacobian,1,django/django
brosner,jacobtylerwalls,1,django/django
brosner,jbronn,1,django/django
brosner,jdufresne,1,django/django
brosner,jezdez,1,django/django
brosner,jphalip,1,django/django
brosner,kmtracey,1,django/django
brosner,loic,1,django/django
brosner,malcolmt,1,django/django
brosner,mjtamlyn,1,django/django
brosner,nessita,1,django/django
brosner,ngnpope,1,django/django
brosner,ramiro,1,django/django
brosner,sarahboyce,1,django/django
brosner,sir-sigurd,1,django/django
brosner,smithdc1,1,django/django
brosner,spookylukey,1,django/django
brosner,timgraham,1,django/django
brosner,ubernostrum,1,django/django
carljm,carltongibson,1,django/django
carljm,charettes,1,django/django
carljm,cjerdonek,1,django/django
carljm,claudep,1,django/django
carljm,felixxm,1,django/django
carljm,freakboy3742,1,django/django
carljm,gdub,1,django/django
carljm,hramezani,1,django/django
carljm,jacobian,1,django/django
carljm,jacobtylerwalls,1,django/django
carljm,jbronn,1,django/django
carljm,jdufresne,1,django/django
carljm,jezdez,1,django/django
carljm,jphalip,1,django/django
carljm,kmtracey,1,django/django
carljm,loic,1,django/django
carljm,malcolmt,1,django/django
carljm,mjtamlyn,1,django/django
carljm,nessita,1,django/django
carljm,ngnpope,1,django/django
carljm,ramiro,1,django/django
carljm,sarahboyce,1,django/django
carljm,sir-sigurd,1,django/django
carljm,smithdc1,1,django/django
carljm,spookylukey,1,django/django
carljm,timgraham,1,django/django
carljm,ubernostrum,1,django/django
carltongibson,charettes,1,django/django
carltongibson,cjerdonek,1,django/django
carltongibson,claudep,1,django/django
carltongibson,felixxm,1,django/django
carltongibson,freakboy3742,1,django/django
carltongibson,gdub,1,django/django
carltongibson,hramezani,1,django/django
carltongibson,jacobian,1,django/django
carltongibson,jacobtylerwalls,1,django/django
carltongibson,jbronn,1,django/django
carltongibson,jdufresne,1,django/django
carltongibson,jezdez,1,django/django
carltongibson,jphalip,1,django/django
carltongibson,kmtracey,1,django/django
carltongibson,loic,1,django/django
carltongibson,malcolmt,1,django/django
carltongibson,mjtamlyn,1,django/django
carltongibson,nessita,1,django/django
carltongibson,ngnpope,1,django/django
carltongibson,ramiro,1,django/django
carltongibson,sarahboyce,1,django/django
carltongibson,sir-sigurd,1,django/django
carltongibson,smithdc1,1,django/django
carltongibson,spookylukey,1,django/django
carltongibson,timgraham,1,django/django
carltongibson,ubernostrum,1,django/django
ceb10n,dependabot[bot],1,fastapi/fastapi
ceb10n,dmontagu,1,fastapi/fastapi
ceb10n,estebanx64,1,fastapi/fastapi
ceb10n,euri10,1,fastapi/fastapi
ceb10n,github-actions[bot],1,fastapi/fastapi
ceb10n,handabaldeep,1,fastapi/fastapi
ceb10n,hard-coders,1,fastapi/fastapi
ceb10n,hasansezertasan,1,fastapi/fastapi
ceb10n,jaystone776,1,fastapi/fastapi
ceb10n,kantandane,1,fastapi/fastapi
ceb10n,marcelomarkus,1,fastapi/fastapi
ceb10n,mariacamilagl,1,fastapi/fastapi
ceb10n,nilslindemann,1,fastapi/fastapi
ceb10n,pablocm83,1,fastapi/fastapi
ceb10n,pre-commit-ci[bot],1,fastapi/fastapi
ceb10n,svlandeg,1,fastapi/fastapi
ceb10n,tiangolo,1,fastapi/fastapi
ceb10n,tokusumi,1,fastapi/fastapi
ceb10n,valentinDruzhinin,1,fastapi/fastapi
ceb10n,vishnuvskvkl,1,fastapi/fastapi
ceb10n,waynerv,1,fastapi/fastapi
ceb10n,xzmeng,1,fastapi/fastapi
ceb10n,yychanlee,1,fastapi/fastapi
ceb10n,zhaohan-dong,1,fastapi/fastapi
changhiskhan,charlesdong1991,1,pandas-dev/pandas
changhiskhan,chris-b1,1,pandas-dev/pandas
changhiskhan,cpcloud,1,pandas-dev/pandas
changhiskhan,datapythonista,1,pandas-dev/pandas
changhiskhan,dsaxton,1,pandas-dev/pandas
changhiskhan,fangchenli,1,pandas-dev/pandas
changhiskhan,gfyoung,1,pandas-dev/pandas
changhiskhan,h-vetinari,1,pandas-dev/pandas
changhiskhan,hayd,1,pandas-dev/pandas
changhiskhan,jbrockmendel,1,pandas-dev/pandas
changhiskhan,jorisvandenbossche,1,pandas-dev/pandas
changhiskhan,jreback,1,pandas-dev/pandas
changhiskhan,jschendel,1,pandas-dev/pandas
changhiskhan,jseabold,1,pandas-dev/pandas
changhiskhan,jtratner,1,pandas-dev/pandas
changhiskhan,lithomas1,1,pandas-dev/pandas
changhiskhan,lukemanley,1,pandas-dev/pandas
changhiskhan,mroeschke,1,pandas-dev/pandas
changhiskhan,mzeitlin11,1,pandas-dev/pandas
changhiskhan,natmokval,1,pandas-dev/pandas
changhiskhan,orbitfold,1,pandas-dev/pandas
changhiskhan,phofl,1,pandas-dev/pandas
changhiskhan,rhshadrach,1,pandas-dev/pandas
changhiskhan,simonjayhawkins,1,pandas-dev/pandas
changhiskhan,sinhrks,1,pandas-dev/pandas
changhiskhan,toobaz,1,pandas-dev/pandas
changhiskhan,topper-123,1,pandas-dev/pandas
changhiskhan,tuhinsharma121,1,pandas-dev/pandas
changhiskhan,twoertwein,1,pandas-dev/pandas
changhiskhan,wesm,1,pandas-dev/pandas
charettes,cjerdonek,1,django/django
charettes,claudep,1,django/django
charettes,felixxm,1,django/django
charettes,freakboy3742,1,django/django
charettes,gdub,1,django/django
charettes,hramezani,1,django/django
charettes,jacobian,1,django/django
charettes,jacobtylerwalls,1,django/django
charettes,jbronn,1,django/django
charettes,jdufresne,1,django/django
charettes,jezdez,1,django/django
charettes,jphalip,1,django/django
charettes,kmtracey,1,django/django
charettes,loic,1,django/django
charettes,malcolmt,1,django/django
charettes,mjtamlyn,1,django/django
charettes,nessita,1,django/django
charettes,ngnpope,1,django/django
charettes,ramiro,1,django/django
charettes,sarahboyce,1,django/django
charettes,sir-sigurd,1,django/django
charettes,smithdc1,1,django/django
charettes,spookylukey,1,django/django
charettes,timgraham,1,django/django
charettes,ubernostrum,1,django/django
charlesdong1991,chris-b1,1,pandas-dev/pandas
charlesdong1991,cpcloud,1,pandas-dev/pandas
charlesdong1991,datapythonista,1,pandas-dev/pandas
charlesdong1991,dsaxton,1,pandas-dev/pandas
charlesdong1991,fangchenli,1,pandas-dev/pandas
charlesdong1991,gfyoung,1,pandas-dev/pandas
charlesdong1991,h-vetinari,1,pandas-dev/pandas
charlesdong1991,hayd,1,pandas-dev/pandas
charlesdong1991,jbrockmendel,1,pandas-dev/pandas
charlesdong1991,jorisvandenbossche,1,pandas-dev/pandas
charlesdong1991,jreback,1,pandas-dev/pandas
charlesdong1991,jschendel,1,pandas-dev/pandas
charlesdong1991,jseabold,1,pandas-dev/pandas
charlesdong1991,jtratner,1,pandas-dev/pandas
charlesdong1991,lithomas1,1,pandas-dev/pandas
charlesdong1991,lukemanley,1,pandas-dev/pandas
charlesdong1991,mroeschke,1,pandas-dev/pandas
charlesdong1991,mzeitlin11,1,pandas-dev/pandas
charlesdong1991,natmokval,1,pandas-dev/pandas
charlesdong1991,orbitfold,1,pandas-dev/pandas
charlesdong1991,phofl,1,pandas-dev/pandas
charlesdong1991,rhshadrach,1,pandas-dev/pandas
charlesdong1991,simonjayhawkins,1,pandas-dev/pandas
charlesdong1991,sinhrks,1,pandas-dev/pandas
charlesdong1991,toobaz,1,pandas-dev/pandas
charlesdong1991,topper-123,1,pandas-dev/pandas
charlesdong1991,tuhinsharma121,1,pandas-dev/pandas
charlesdong1991,twoertwein,1,pandas-dev/pandas
charlesdong1991,wesm,1,pandas-dev/pandas
chris-b1,cpcloud,1,pandas-dev/pandas
chris-b1,datapythonista,1,pandas-dev/pandas
chris-b1,dsaxton,1,pandas-dev/pandas
chris-b1,fangchenli,1,pandas-dev/pandas
chris-b1,gfyoung,1,pandas-dev/pandas
chris-b1,h-vetinari,1,pandas-dev/pandas
chris-b1,hayd,1,pandas-dev/pandas
chris-b1,jbrockmendel,1,pandas-dev/pandas
chris-b1,jorisvandenbossche,1,pandas-dev/pandas
chris-b1,jreback,1,pandas-dev/pandas
chris-b1,jschendel,1,pandas-dev/pandas
chris-b1,jseabold,1,pandas-dev/pandas
chris-b1,jtratner,1,pandas-dev/pandas
chris-b1,lithomas1,1,pandas-dev/pandas
chris-b1,lukemanley,1,pandas-dev/pandas
chris-b1,mroeschke,1,pandas-dev/pandas
chris-b1,mzeitlin11,1,pandas-dev/pandas
chris-b1,natmokval,1,pandas-dev/pandas
chris-b1,orbitfold,1,pandas-dev/pandas
chris-b1,phofl,1,pandas-dev/pandas
chris-b1,rhshadrach,1,pandas-dev/pandas
chris-b1,simonjayhawkins,1,pandas-dev/pandas
chris-b1,sinhrks,1,pandas-dev/pandas
chris-b1,toobaz,1,pandas-dev/pandas
chris-b1,topper-123,1,pandas-dev/pandas
chris-b1,tuhinsharma121,1,pandas-dev/pandas
chris-b1,twoertwein,1,pandas-dev/pandas
chris-b1,wesm,1,pandas-dev/pandas
cjerdonek,claudep,1,django/django
cjerdonek,felixxm,1,django/django
cjerdonek,freakboy3742,1,django/django
cjerdonek,gdub,1,django/django
cjerdonek,hramezani,1,django/django
cjerdonek,jacobian,1,django/django
cjerdonek,jacobtylerwalls,1,django/django
cjerdonek,jbronn,1,django/django
cjerdonek,jdufresne,1,django/django
cjerdonek,jezdez,1,django/django
cjerdonek,jphalip,1,django/django
cjerdonek,kmtracey,1,django/django
cjerdonek,loic,1,django/django
cjerdonek,malcolmt,1,django/django
cjerdonek,mjtamlyn,1,django/django
cjerdonek,nessita,1,django/django
cjerdonek,ngnpope,1,django/django
cjerdonek,ramiro,1,django/django
cjerdonek,sarahboyce,1,django/django
cjerdonek,sir-sigurd,1,django/django
cjerdonek,smithdc1,1,django/django
cjerdonek,spookylukey,1,django/django
cjerdonek,timgraham,1,django/django
cjerdonek,ubernostrum,1,django/django
claudep,felixxm,1,django/django
claudep,freakboy3742,1,django/django
claudep,gdub,1,django/django
claudep,hramezani,1,django/django
claudep,jacobian,1,django/django
claudep,jacobtylerwalls,1,django/django
claudep,jbronn,1,django/django
claudep,jdufresne,1,django/django
claudep,jezdez,1,django/django
claudep,jphalip,1,django/django
claudep,kmtracey,1,django/django
claudep,loic,1,django/django
claudep,malcolmt,1,django/django
claudep,mjtamlyn,1,django/django
claudep,nessita,1,django/django
claudep,ngnpope,1,django/django
claudep,ramiro,1,django/django
claudep,sarahboyce,1,django/django
claudep,sir-sigurd,1,django/django
claudep,smithdc1,1,django/django
claudep,spookylukey,1,django/django
claudep,timgraham,1,django/django
claudep,ubernostrum,1,django/django
clayw,cmarmo,1,scikit-learn/scikit-learn
clayw,glemaitre,1,scikit-learn/scikit-learn
clayw,glouppe,1,scikit-learn/scikit-learn
clayw,jakevdp,1,scikit-learn/scikit-learn
clayw,jeremiedbb,1,scikit-learn/scikit-learn
clayw,jjerphan,1,scikit-learn/scikit-learn
clayw,jnothman,1,scikit-learn/scikit-learn
clayw,kemaleren,1,scikit-learn/scikit-learn
clayw,larsmans,1,scikit-learn/scikit-learn
clayw,lesteve,1,scikit-learn/scikit-learn
clayw,lorentzenchr,1,scikit-learn/scikit-learn
clayw,lucyleeow,1,scikit-learn/scikit-learn
clayw,mblondel,1,scikit-learn/scikit-learn
clayw,oddskool,1,scikit-learn/scikit-learn
clayw,ogrisel,1,scikit-learn/scikit-learn
clayw,pprett,1,scikit-learn/scikit-learn
clayw,qinhanmin2014,1,scikit-learn/scikit-learn
clayw,raghavrv,1,scikit-learn/scikit-learn
clayw,robertlayton,1,scikit-learn/scikit-learn
clayw,rth,1,scikit-learn/scikit-learn
clayw,scikit-learn-bot,1,scikit-learn/scikit-learn
clayw,thomasjpfan,1,scikit-learn/scikit-learn
clayw,vene,1,scikit-learn/scikit-learn
clayw,weilinear,1,scikit-learn/scikit-learn
cmarmo,glemaitre,1,scikit-learn/scikit-learn
cmarmo,glouppe,1,scikit-learn/scikit-learn
cmarmo,jakevdp,1,scikit-learn/scikit-learn
cmarmo,jeremiedbb,1,scikit-learn/scikit-learn
cmarmo,jjerphan,1,scikit-learn/scikit-learn
cmarmo,jnothman,1,scikit-learn/scikit-learn
cmarmo,kemaleren,1,scikit-learn/scikit-learn
cmarmo,larsmans,1,scikit-learn/scikit-learn
cmarmo,lesteve,1,scikit-learn/scikit-learn
cmarmo,lorentzenchr,1,scikit-learn/scikit-learn
cmarmo,lucyleeow,1,scikit-learn/scikit-learn
cmarmo,mblondel,1,scikit-learn/scikit-learn
cmarmo,oddskool,1,scikit-learn/scikit-learn
cmarmo,ogrisel,1,scikit-learn/scikit-learn
cmarmo,pprett,1,scikit-learn/scikit-learn
cmarmo,qinhanmin2014,1,scikit-learn/scikit-learn
cmarmo,raghavrv,1,scikit-learn/scikit-learn
cmarmo,robertlayton,1,scikit-learn/scikit-learn
cmarmo,rth,1,scikit-learn/scikit-learn
cmarmo,scikit-learn-bot,1,scikit-learn/scikit-learn
cmarmo,thomasjpfan,1,scikit-learn/scikit-learn
cmarmo,vene,1,scikit-learn/scikit-learn
cmarmo,weilinear,1,scikit-learn/scikit-learn
cpcloud,datapythonista,1,pandas-dev/pandas
cpcloud,dsaxton,1,pandas-dev/pandas
cpcloud,fangchenli,1,pandas-dev/pandas
cpcloud,gfyoung,1,pandas-dev/pandas
cpcloud,h-vetinari,1,pandas-dev/pandas
cpcloud,hayd,1,pandas-dev/pandas
cpcloud,jbrockmendel,1,pandas-dev/pandas
cpcloud,jorisvandenbossche,1,pandas-dev/pandas
cpcloud,jreback,1,pandas-dev/pandas
cpcloud,jschendel,1,pandas-dev/pandas
cpcloud,jseabold,1,pandas-dev/pandas
cpcloud,jtratner,1,pandas-dev/pandas
cpcloud,lithomas1,1,pandas-dev/pandas
cpcloud,lukemanley,1,pandas-dev/pandas
cpcloud,mroeschke,1,pandas-dev/pandas
cpcloud,mzeitlin11,1,pandas-dev/pandas
cpcloud,natmokval,1,pandas-dev/pandas
cpcloud,orbitfold,1,pandas-dev/pandas
cpcloud,phofl,1,pandas-dev/pandas
cpcloud,rhshadrach,1,pandas-dev/pandas
cpcloud,simonjayhawkins,1,pandas-dev/pandas
cpcloud,sinhrks,1,pandas-dev/pandas
cpcloud,toobaz,1,pandas-dev/pandas
cpcloud,topper-123,1,pandas-dev/pandas
cpcloud,tuhinsharma121,1,pandas-dev/pandas
cpcloud,twoertwein,1,pandas-dev/pandas
cpcloud,wesm,1,pandas-dev/pandas
cvrebert,dag,1,pallets/flask
cvrebert,davidism,1,pallets/flask
cvrebert,dawranliou,1,pallets/flask
cvrebert,defuz,1,pallets/flask
cvrebert,dependabot-preview[bot],1,pallets/flask
cvrebert,dependabot[bot],1,pallets/flask
cvrebert,florentx,1,pallets/flask
cvrebert,flying-sheep,1,pallets/flask
cvrebert,garenchan,1,pallets/flask
cvrebert,greyli,1,pallets/flask
cvrebert,jab,1,pallets/flask
cvrebert,jeffwidman,1,pallets/flask
cvrebert,kennethreitz,1,pallets/flask
cvrebert,keyan,1,pallets/flask
cvrebert,lepture,1,pallets/flask
cvrebert,lord63,1,pallets/flask
cvrebert,methane,1,pallets/flask
cvrebert,miguelgrinberg,1,pallets/flask
cvrebert,mitsuhiko,1,pallets/flask
cvrebert,pgjones,1,pallets/flask
cvrebert,plaes,1,pallets/flask
cvrebert,pre-commit-ci[bot],1,pallets/flask
cvrebert,rduplain,1,pallets/flask
cvrebert,s3rvac,1,pallets/flask
cvrebert,tullyrankin,1,pallets/flask
cvrebert,untitaker,1,pallets/flask
cvrebert,vtbassmatt,1,pallets/flask
cvrebert,wgwz,1,pallets/flask
cvrebert,yuxiaoy1,1,pallets/flask
dag,davidism,1,pallets/flask
dag,dawranliou,1,pallets/flask
dag,defuz,1,pallets/flask
dag,dependabot-preview[bot],1,pallets/flask
dag,dependabot[bot],1,pallets/flask
dag,florentx,1,pallets/flask
dag,flying-sheep,1,pallets/flask
dag,garenchan,1,pallets/flask
dag,greyli,1,pallets/flask
dag,jab,1,pallets/flask
dag,jeffwidman,1,pallets/flask
dag,kennethreitz,1,pallets/flask
dag,keyan,1,pallets/flask
dag,lepture,1,pallets/flask
dag,lord63,1,pallets/flask
dag,methane,1,pallets/flask
dag,miguelgrinberg,1,pallets/flask
dag,mitsuhiko,1,pallets/flask
dag,pgjones,1,pallets/flask
dag,plaes,1,pallets/flask
dag,pre-commit-ci[bot],1,pallets/flask
dag,rduplain,1,pallets/flask
dag,s3rvac,1,pallets/flask
dag,tullyrankin,1,pallets/flask
dag,untitaker,1,pallets/flask
dag,vtbassmatt,1,pallets/flask
dag,wgwz,1,pallets/flask
dag,yuxiaoy1,1,pallets/flask
datapythonista,dsaxton,1,pandas-dev/pandas
datapythonista,fangchenli,1,pandas-dev/pandas
datapythonista,gfyoung,1,pandas-dev/pandas
datapythonista,h-vetinari,1,pandas-dev/pandas
datapythonista,hayd,1,pandas-dev/pandas
datapythonista,jbrockmendel,1,pandas-dev/pandas
datapythonista,jorisvandenbossche,1,pandas-dev/pandas
datapythonista,jreback,1,pandas-dev/pandas
datapythonista,jschendel,1,pandas-dev/pandas
datapythonista,jseabold,1,pandas-dev/pandas
datapythonista,jtratner,1,pandas-dev/pandas
datapythonista,lithomas1,1,pandas-dev/pandas
datapythonista,lukemanley,1,pandas-dev/pandas
datapythonista,mroeschke,1,pandas-dev/pandas
datapythonista,mzeitlin11,1,pandas-dev/pandas
datapythonista,natmokval,1,pandas-dev/pandas
datapythonista,orbitfold,1,pandas-dev/pandas
datapythonista,phofl,1,pandas-dev/pandas
datapythonista,rhshadrach,1,pandas-dev/pandas
datapythonista,simonjayhawkins,1,pandas-dev/pandas
datapythonista,sinhrks,1,pandas-dev/pandas
datapythonista,toobaz,1,pandas-dev/pandas
datapythonista,topper-123,1,pandas-dev/pandas
datapythonista,tuhinsharma121,1,pandas-dev/pandas
datapythonista,twoertwein,1,pandas-dev/pandas
datapythonista,wesm,1,pandas-dev/pandas
davidism,dawranliou,1,pallets/flask
davidism,defuz,1,pallets/flask
davidism,dependabot-preview[bot],1,pallets/flask
davidism,dependabot[bot],1,pallets/flask
davidism,florentx,1,pallets/flask
davidism,flying-sheep,1,pallets/flask
davidism,garenchan,1,pallets/flask
davidism,greyli,1,pallets/flask
davidism,jab,1,pallets/flask
davidism,jeffwidman,1,pallets/flask
davidism,kennethreitz,1,pallets/flask
davidism,keyan,1,pallets/flask
davidism,lepture,1,pallets/flask
davidism,lord63,1,pallets/flask
davidism,methane,1,pallets/flask
davidism,miguelgrinberg,1,pallets/flask
davidism,mitsuhiko,1,pallets/flask
davidism,pgjones,1,pallets/flask
davidism,plaes,1,pallets/flask
davidism,pre-commit-ci[bot],1,pallets/flask
davidism,rduplain,1,pallets/flask
davidism,s3rvac,1,pallets/flask
davidism,tullyrankin,1,pallets/flask
davidism,untitaker,1,pallets/flask
davidism,vtbassmatt,1,pallets/flask
davidism,wgwz,1,pallets/flask
davidism,yuxiaoy1,1,pallets/flask
dawranliou,defuz,1,pallets/flask
dawranliou,dependabot-preview[bot],1,pallets/flask
dawranliou,dependabot[bot],1,pallets/flask
dawranliou,florentx,1,pallets/flask
dawranliou,flying-sheep,1,pallets/flask
dawranliou,garenchan,1,pallets/flask
dawranliou,greyli,1,pallets/flask
dawranliou,jab,1,pallets/flask
dawranliou,jeffwidman,1,pallets/flask
dawranliou,kennethreitz,1,pallets/flask
dawranliou,keyan,1,pallets/flask
dawranliou,lepture,1,pallets/flask
dawranliou,lord63,1,pallets/flask
dawranliou,methane,1,pallets/flask
dawranliou,miguelgrinberg,1,pallets/flask
dawranliou,mitsuhiko,1,pallets/flask
dawranliou,pgjones,1,pallets/flask
dawranliou,plaes,1,pallets/flask
dawranliou,pre-commit-ci[bot],1,pallets/flask
dawranliou,rduplain,1,pallets/flask
dawranliou,s3rvac,1,pallets/flask
dawranliou,tullyrankin,1,pallets/flask
dawranliou,untitaker,1,pallets/flask
dawranliou,vtbassmatt,1,pallets/flask
dawranliou,wgwz,1,pallets/flask
dawranliou,yuxiaoy1,1,pallets/flask
defuz,dependabot-preview[bot],1,pallets/flask
defuz,dependabot[bot],1,pallets/flask
defuz,florentx,1,pallets/flask
defuz,flying-sheep,1,pallets/flask
defuz,garenchan,1,pallets/flask
defuz,greyli,1,pallets/flask
defuz,jab,1,pallets/flask
defuz,jeffwidman,1,pallets/flask
defuz,kennethreitz,1,pallets/flask
defuz,keyan,1,pallets/flask
defuz,lepture,1,pallets/flask
defuz,lord63,1,pallets/flask
defuz,methane,1,pallets/flask
defuz,miguelgrinberg,1,pallets/flask
defuz,mitsuhiko,1,pallets/flask
defuz,pgjones,1,pallets/flask
defuz,plaes,1,pallets/flask
defuz,pre-commit-ci[bot],1,pallets/flask
defuz,rduplain,1,pallets/flask
defuz,s3rvac,1,pallets/flask
defuz,tullyrankin,1,pallets/flask
defuz,untitaker,1,pallets/flask
defuz,vtbassmatt,1,pallets/flask
defuz,wgwz,1,pallets/flask
defuz,yuxiaoy1,1,pallets/flask
dependabot-preview[bot],dependabot[bot],1,pallets/flask
dependabot-preview[bot],florentx,1,pallets/flask
dependabot-preview[bot],flying-sheep,1,pallets/flask
dependabot-preview[bot],garenchan,1,pallets/flask
dependabot-preview[bot],greyli,1,pallets/flask
dependabot-preview[bot],jab,1,pallets/flask
dependabot-preview[bot],jeffwidman,1,pallets/flask
dependabot-preview[bot],kennethreitz,1,pallets/flask
dependabot-preview[bot],keyan,1,pallets/flask
dependabot-preview[bot],lepture,1,pallets/flask
dependabot-preview[bot],lord63,1,pallets/flask
dependabot-preview[bot],methane,1,pallets/flask
dependabot-preview[bot],miguelgrinberg,1,pallets/flask
dependabot-preview[bot],mitsuhiko,1,pallets/flask
dependabot-preview[bot],pgjones,1,pallets/flask
dependabot-preview[bot],plaes,1,pallets/flask
dependabot-preview[bot],pre-commit-ci[bot],1,pallets/flask
dependabot-preview[bot],rduplain,1,pallets/flask
dependabot-preview[bot],s3rvac,1,pallets/flask
dependabot-preview[bot],tullyrankin,1,pallets/flask
dependabot-preview[bot],untitaker,1,pallets/flask
dependabot-preview[bot],vtbassmatt,1,pallets/flask
dependabot-preview[bot],wgwz,1,pallets/flask
dependabot-preview[bot],yuxiaoy1,1,pallets/flask
dependabot[bot],dmontagu,1,fastapi/fastapi
dependabot[bot],estebanx64,1,fastapi/fastapi
dependabot[bot],euri10,1,fastapi/fastapi
dependabot[bot],florentx,1,pallets/flask
dependabot[bot],flying-sheep,1,pallets/flask
dependabot[bot],garenchan,1,pallets/flask
dependabot[bot],github-actions[bot],1,fastapi/fastapi
dependabot[bot],greyli,1,pallets/flask
dependabot[bot],handabaldeep,1,fastapi/fastapi
dependabot[bot],hard-coders,1,fastapi/fastapi
dependabot[bot],hasansezertasan,1,fastapi/fastapi
dependabot[bot],jab,1,pallets/flask
dependabot[bot],jaystone776,1,fastapi/fastapi
dependabot[bot],jeffwidman,1,pallets/flask
dependabot[bot],kantandane,1,fastapi/fastapi
dependabot[bot],kennethreitz,1,pallets/flask
dependabot[bot],keyan,1,pallets/flask
dependabot[bot],lepture,1,pallets/flask
dependabot[bot],lord63,1,pallets/flask
dependabot[bot],marcelomarkus,1,fastapi/fastapi
dependabot[bot],mariacamilagl,1,fastapi/fastapi
dependabot[bot],methane,1,pallets/flask
dependabot[bot],miguelgrinberg,1,pallets/flask
dependabot[bot],mitsuhiko,1,pallets/flask
dependabot[bot],nilslindemann,1,fastapi/fastapi
dependabot[bot],pablocm83,1,fastapi/fastapi
dependabot[bot],pgjones,1,pallets/flask
dependabot[bot],plaes,1,pallets/flask
dependabot[bot],rduplain,1,pallets/flask
dependabot[bot],s3rvac,1,pallets/flask
dependabot[bot],svlandeg,1,fastapi/fastapi
dependabot[bot],tiangolo,1,fastapi/fastapi
dependabot[bot],tokusumi,1,fastapi/fastapi
dependabot[bot],tullyrankin,1,pallets/flask
dependabot[bot],untitaker,1,pallets/flask
dependabot[bot],valentinDruzhinin,1,fastapi/fastapi
dependabot[bot],vishnuvskvkl,1,fastapi/fastapi
dependabot[bot],vtbassmatt,1,pallets/flask
dependabot[bot],waynerv,1,fastapi/fastapi
dependabot[bot],wgwz,1,pallets/flask
dependabot[bot],xzmeng,1,fastapi/fastapi
dependabot[bot],yuxiaoy1,1,pallets/flask
dependabot[bot],yychanlee,1,fastapi/fastapi
dependabot[bot],zhaohan-dong,1,fastapi/fastapi
dmontagu,estebanx64,1,fastapi/fastapi
dmontagu,euri10,1,fastapi/fastapi
dmontagu,github-actions[bot],1,fastapi/fastapi
dmontagu,handabaldeep,1,fastapi/fastapi
dmontagu,hard-coders,1,fastapi/fastapi
dmontagu,hasansezertasan,1,fastapi/fastapi
dmontagu,jaystone776,1,fastapi/fastapi
dmontagu,kantandane,1,fastapi/fastapi
dmontagu,marcelomarkus,1,fastapi/fastapi
dmontagu,mariacamilagl,1,fastapi/fastapi
dmontagu,nilslindemann,1,fastapi/fastapi
dmontagu,pablocm83,1,fastapi/fastapi
dmontagu,pre-commit-ci[bot],1,fastapi/fastapi
dmontagu,svlandeg,1,fastapi/fastapi
dmontagu,tiangolo,1,fastapi/fastapi
dmontagu,tokusumi,1,fastapi/fastapi
dmontagu,valentinDruzhinin,1,fastapi/fastapi
dmontagu,vishnuvskvkl,1,fastapi/fastapi
dmontagu,waynerv,1,fastapi/fastapi
dmontagu,xzmeng,1,fastapi/fastapi
dmontagu,yychanlee,1,fastapi/fastapi
dmontagu,zhaohan-dong,1,fastapi/fastapi
dsaxton,fangchenli,1,pandas-dev/pandas
dsaxton,gfyoung,1,pandas-dev/pandas
dsaxton,h-vetinari,1,pandas-dev/pandas
dsaxton,hayd,1,pandas-dev/pandas
dsaxton,jbrockmendel,1,pandas-dev/pandas
dsaxton,jorisvandenbossche,1,pandas-dev/pandas
dsaxton,jreback,1,pandas-dev/pandas
dsaxton,jschendel,1,pandas-dev/pandas
dsaxton,jseabold,1,pandas-dev/pandas
dsaxton,jtratner,1,pandas-dev/pandas
dsaxton,lithomas1,1,pandas-dev/pandas
dsaxton,lukemanley,1,pandas-dev/pandas
dsaxton,mroeschke,1,pandas-dev/pandas
dsaxton,mzeitlin11,1,pandas-dev/pandas
dsaxton,natmokval,1,pandas-dev/pandas
dsaxton,orbitfold,1,pandas-dev/pandas
dsaxton,phofl,1,pandas-dev/pandas
dsaxton,rhshadrach,1,pandas-dev/pandas
dsaxton,simonjayhawkins,1,pandas-dev/pandas
dsaxton,sinhrks,1,pandas-dev/pandas
dsaxton,toobaz,1,pandas-dev/pandas
dsaxton,topper-123,1,pandas-dev/pandas
dsaxton,tuhinsharma121,1,pandas-dev/pandas
dsaxton,twoertwein,1,pandas-dev/pandas
dsaxton,wesm,1,pandas-dev/pandas
estebanx64,euri10,1,fastapi/fastapi
estebanx64,github-actions[bot],1,fastapi/fastapi
estebanx64,handabaldeep,1,fastapi/fastapi
estebanx64,hard-coders,1,fastapi/fastapi
estebanx64,hasansezertasan,1,fastapi/fastapi
estebanx64,jaystone776,1,fastapi/fastapi
estebanx64,kantandane,1,fastapi/fastapi
estebanx64,marcelomarkus,1,fastapi/fastapi
estebanx64,mariacamilagl,1,fastapi/fastapi
estebanx64,nilslindemann,1,fastapi/fastapi
estebanx64,pablocm83,1,fastapi/fastapi
estebanx64,pre-commit-ci[bot],1,fastapi/fastapi
estebanx64,svlandeg,1,fastapi/fastapi
estebanx64,tiangolo,1,fastapi/fastapi
estebanx64,tokusumi,1,fastapi/fastapi
estebanx64,valentinDruzhinin,1,fastapi/fastapi
estebanx64,vishnuvskvkl,1,fastapi/fastapi
estebanx64,waynerv,1,fastapi/fastapi
estebanx64,xzmeng,1,fastapi/fastapi
estebanx64,yychanlee,1,fastapi/fastapi
estebanx64,zhaohan-dong,1,fastapi/fastapi
euri10,github-actions[bot],1,fastapi/fastapi
euri10,handabaldeep,1,fastapi/fastapi
euri10,hard-coders,1,fastapi/fastapi
euri10,hasansezertasan,1,fastapi/fastapi
euri10,jaystone776,1,fastapi/fastapi
euri10,kantandane,1,fastapi/fastapi
euri10,marcelomarkus,1,fastapi/fastapi
euri10,mariacamilagl,1,fastapi/fastapi
euri10,nilslindemann,1,fastapi/fastapi
euri10,pablocm83,1,fastapi/fastapi
euri10,pre-commit-ci[bot],1,fastapi/fastapi
euri10,svlandeg,1,fastapi/fastapi
euri10,tiangolo,1,fastapi/fastapi
euri10,tokusumi,1,fastapi/fastapi
euri10,valentinDruzhinin,1,fastapi/fastapi
euri10,vishnuvskvkl,1,fastapi/fastapi
euri10,waynerv,1,fastapi/fastapi
euri10,xzmeng,1,fastapi/fastapi
euri10,yychanlee,1,fastapi/fastapi
euri10,zhaohan-dong,1,fastapi/fastapi
fangchenli,gfyoung,1,pandas-dev/pandas
fangchenli,h-vetinari,1,pandas-dev/pandas
fangchenli,hayd,1,pandas-dev/pandas
fangchenli,jbrockmendel,1,pandas-dev/pandas
fangchenli,jorisvandenbossche,1,pandas-dev/pandas
fangchenli,jreback,1,pandas-dev/pandas
fangchenli,jschendel,1,pandas-dev/pandas
fangchenli,jseabold,1,pandas-dev/pandas
fangchenli,jtratner,1,pandas-dev/pandas
fangchenli,lithomas1,1,pandas-dev/pandas
fangchenli,lukemanley,1,pandas-dev/pandas
fangchenli,mroeschke,1,pandas-dev/pandas
fangchenli,mzeitlin11,1,pandas-dev/pandas
fangchenli,natmokval,1,pandas-dev/pandas
fangchenli,orbitfold,1,pandas-dev/pandas
fangchenli,phofl,1,pandas-dev/pandas
fangchenli,rhshadrach,1,pandas-dev/pandas
fangchenli,simonjayhawkins,1,pandas-dev/pandas
fangchenli,sinhrks,1,pandas-dev/pandas
fangchenli,toobaz,1,pandas-dev/pandas
fangchenli,topper-123,1,pandas-dev/pandas
fangchenli,tuhinsharma121,1,pandas-dev/pandas
fangchenli,twoertwein,1,pandas-dev/pandas
fangchenli,wesm,1,pandas-dev/pandas
felixxm,freakboy3742,1,django/django
felixxm,gdub,1,django/django
felixxm,hramezani,1,django/django
felixxm,jacobian,1,django/django
felixxm,jacobtylerwalls,1,django/django
felixxm,jbronn,1,django/django
felixxm,jdufresne,1,django/django
felixxm,jezdez,1,django/django
felixxm,jphalip,1,django/django
felixxm,kmtracey,1,django/django
felixxm,loic,1,django/django
felixxm,malcolmt,1,django/django
felixxm,mjtamlyn,1,django/django
felixxm,nessita,1,django/django
felixxm,ngnpope,1,django/django
felixxm,ramiro,1,django/django
felixxm,sarahboyce,1,django/django
felixxm,sir-sigurd,1,django/django
felixxm,smithdc1,1,django/django
felixxm,spookylukey,1,django/django
felixxm,timgraham,1,django/django
felixxm,ubernostrum,1,django/django
florentx,flying-sheep,1,pallets/flask
florentx,garenchan,1,pallets/flask
florentx,greyli,1,pallets/flask
florentx,jab,1,pallets/flask
florentx,jeffwidman,1,pallets/flask
florentx,kennethreitz,1,pallets/flask
florentx,keyan,1,pallets/flask
florentx,lepture,1,pallets/flask
florentx,lord63,1,pallets/flask
florentx,methane,1,pallets/flask
florentx,miguelgrinberg,1,pallets/flask
florentx,mitsuhiko,1,pallets/flask
florentx,pgjones,1,pallets/flask
florentx,plaes,1,pallets/flask
florentx,pre-commit-ci[bot],1,pallets/flask
florentx,rduplain,1,pallets/flask
florentx,s3rvac,1,pallets/flask
florentx,tullyrankin,1,pallets/flask
florentx,untitaker,1,pallets/flask
florentx,vtbassmatt,1,pallets/flask
florentx,wgwz,1,pallets/flask
florentx,yuxiaoy1,1,pallets/flask
flying-sheep,garenchan,1,pallets/flask
flying-sheep,greyli,1,pallets/flask
flying-sheep,jab,1,pallets/flask
flying-sheep,jeffwidman,1,pallets/flask
flying-sheep,kennethreitz,1,pallets/flask
flying-sheep,keyan,1,pallets/flask
flying-sheep,lepture,1,pallets/flask
flying-sheep,lord63,1,pallets/flask
flying-sheep,methane,1,pallets/flask
flying-sheep,miguelgrinberg,1,pallets/flask
flying-sheep,mitsuhiko,1,pallets/flask
flying-sheep,pgjones,1,pallets/flask
flying-sheep,plaes,1,pallets/flask
flying-sheep,pre-commit-ci[bot],1,pallets/flask
flying-sheep,rduplain,1,pallets/flask
flying-sheep,s3rvac,1,pallets/flask
flying-sheep,tullyrankin,1,pallets/flask
flying-sheep,untitaker,1,pallets/flask
flying-sheep,vtbassmatt,1,pallets/flask
flying-sheep,wgwz,1,pallets/flask
flying-sheep,yuxiaoy1,1,pallets/flask
freakboy3742,gdub,1,django/django
freakboy3742,hramezani,1,django/django
freakboy3742,jacobian,1,django/django
freakboy3742,jacobtylerwalls,1,django/django
freakboy3742,jbronn,1,django/django
freakboy3742,jdufresne,1,django/django
freakboy3742,jezdez,1,django/django
freakboy3742,jphalip,1,django/django
freakboy3742,kmtracey,1,django/django
freakboy3742,loic,1,django/django
freakboy3742,malcolmt,1,django/django
freakboy3742,mjtamlyn,1,django/django
freakboy3742,nessita,1,django/django
freakboy3742,ngnpope,1,django/django
freakboy3742,ramiro,1,django/django
freakboy3742,sarahboyce,1,django/django
freakboy3742,sir-sigurd,1,django/django
freakboy3742,smithdc1,1,django/django
freakboy3742,spookylukey,1,django/django
freakboy3742,timgraham,1,django/django
freakboy3742,ubernostrum,1,django/django
garenchan,greyli,1,pallets/flask
garenchan,jab,1,pallets/flask
garenchan,jeffwidman,1,pallets/flask
garenchan,kennethreitz,1,pallets/flask
garenchan,keyan,1,pallets/flask
garenchan,lepture,1,pallets/flask
garenchan,lord63,1,pallets/flask
garenchan,methane,1,pallets/flask
garenchan,miguelgrinberg,1,pallets/flask
garenchan,mitsuhiko,1,pallets/flask
garenchan,pgjones,1,pallets/flask
garenchan,plaes,1,pallets/flask
garenchan,pre-commit-ci[bot],1,pallets/flask
garenchan,rduplain,1,pallets/flask
garenchan,s3rvac,1,pallets/flask
garenchan,tullyrankin,1,pallets/flask
garenchan,untitaker,1,pallets/flask
garenchan,vtbassmatt,1,pallets/flask
garenchan,wgwz,1,pallets/flask
garenchan,yuxiaoy1,1,pallets/flask
gdub,hramezani,1,django/django
gdub,jacobian,1,django/django
gdub,jacobtylerwalls,1,django/django
gdub,jbronn,1,django/django
gdub,jdufresne,1,django/django
gdub,jezdez,1,django/django
gdub,jphalip,1,django/django
gdub,kmtracey,1,django/django
gdub,loic,1,django/django
gdub,malcolmt,1,django/django
gdub,mjtamlyn,1,django/django
gdub,nessita,1,django/django
gdub,ngnpope,1,django/django
gdub,ramiro,1,django/django
gdub,sarahboyce,1,django/django
gdub,sir-sigurd,1,django/django
gdub,smithdc1,1,django/django
gdub,spookylukey,1,django/django
gdub,timgraham,1,django/django
gdub,ubernostrum,1,django/django
gfyoung,h-vetinari,1,pandas-dev/pandas
gfyoung,hayd,1,pandas-dev/pandas
gfyoung,jbrockmendel,1,pandas-dev/pandas
gfyoung,jorisvandenbossche,1,pandas-dev/pandas
gfyoung,jreback,1,pandas-dev/pandas
gfyoung,jschendel,1,pandas-dev/pandas
gfyoung,jseabold,1,pandas-dev/pandas
gfyoung,jtratner,1,pandas-dev/pandas
gfyoung,lithomas1,1,pandas-dev/pandas
gfyoung,lukemanley,1,pandas-dev/pandas
gfyoung,mroeschke,1,pandas-dev/pandas
gfyoung,mzeitlin11,1,pandas-dev/pandas
gfyoung,natmokval,1,pandas-dev/pandas
gfyoung,orbitfold,1,pandas-dev/pandas
gfyoung,phofl,1,pandas-dev/pandas
gfyoung,rhshadrach,1,pandas-dev/pandas
gfyoung,simonjayhawkins,1,pandas-dev/pandas
gfyoung,sinhrks,1,pandas-dev/pandas
gfyoung,toobaz,1,pandas-dev/pandas
gfyoung,topper-123,1,pandas-dev/pandas
gfyoung,tuhinsharma121,1,pandas-dev/pandas
gfyoung,twoertwein,1,pandas-dev/pandas
gfyoung,wesm,1,pandas-dev/pandas
github-actions[bot],handabaldeep,1,fastapi/fastapi
github-actions[bot],hard-coders,1,fastapi/fastapi
github-actions[bot],hasansezertasan,1,fastapi/fastapi
github-actions[bot],jaystone776,1,fastapi/fastapi
github-actions[bot],kantandane,1,fastapi/fastapi
github-actions[bot],marcelomarkus,1,fastapi/fastapi
github-actions[bot],mariacamilagl,1,fastapi/fastapi
github-actions[bot],nilslindemann,1,fastapi/fastapi
github-actions[bot],pablocm83,1,fastapi/fastapi
github-actions[bot],pre-commit-ci[bot],1,fastapi/fastapi
github-actions[bot],svlandeg,1,fastapi/fastapi
github-actions[bot],tiangolo,1,fastapi/fastapi
github-actions[bot],tokusumi,1,fastapi/fastapi
github-actions[bot],valentinDruzhinin,1,fastapi/fastapi
github-actions[bot],vishnuvskvkl,1,fastapi/fastapi
github-actions[bot],waynerv,1,fastapi/fastapi
github-actions[bot],xzmeng,1,fastapi/fastapi
github-actions[bot],yychanlee,1,fastapi/fastapi
github-actions[bot],zhaohan-dong,1,fastapi/fastapi
glemaitre,glouppe,1,scikit-learn/scikit-learn
glemaitre,jakevdp,1,scikit-learn/scikit-learn
glemaitre,jeremiedbb,1,scikit-learn/scikit-learn
glemaitre,jjerphan,1,scikit-learn/scikit-learn
glemaitre,jnothman,1,scikit-learn/scikit-learn
glemaitre,kemaleren,1,scikit-learn/scikit-learn
glemaitre,larsmans,1,scikit-learn/scikit-learn
glemaitre,lesteve,1,scikit-learn/scikit-learn
glemaitre,lorentzenchr,1,scikit-learn/scikit-learn
glemaitre,lucyleeow,1,scikit-learn/scikit-learn
glemaitre,mblondel,1,scikit-learn/scikit-learn
glemaitre,oddskool,1,scikit-learn/scikit-learn
glemaitre,ogrisel,1,scikit-learn/scikit-learn
glemaitre,pprett,1,scikit-learn/scikit-learn
glemaitre,qinhanmin2014,1,scikit-learn/scikit-learn
glemaitre,raghavrv,1,scikit-learn/scikit-learn
glemaitre,robertlayton,1,scikit-learn/scikit-learn
glemaitre,rth,1,scikit-learn/scikit-learn
glemaitre,scikit-learn-bot,1,scikit-learn/scikit-learn
glemaitre,thomasjpfan,1,scikit-learn/scikit-learn
glemaitre,vene,1,scikit-learn/scikit-learn
glemaitre,weilinear,1,scikit-learn/scikit-learn
glouppe,jakevdp,1,scikit-learn/scikit-learn
glouppe,jeremiedbb,1,scikit-learn/scikit-learn
glouppe,jjerphan,1,scikit-learn/scikit-learn
glouppe,jnothman,1,scikit-learn/scikit-learn
glouppe,kemaleren,1,scikit-learn/scikit-learn
glouppe,larsmans,1,scikit-learn/scikit-learn
glouppe,lesteve,1,scikit-learn/scikit-learn
glouppe,lorentzenchr,1,scikit-learn/scikit-learn
glouppe,lucyleeow,1,scikit-learn/scikit-learn
glouppe,mblondel,1,scikit-learn/scikit-learn
glouppe,oddskool,1,scikit-learn/scikit-learn
glouppe,ogrisel,1,scikit-learn/scikit-learn
glouppe,pprett,1,scikit-learn/scikit-learn
glouppe,qinhanmin2014,1,scikit-learn/scikit-learn
glouppe,raghavrv,1,scikit-learn/scikit-learn
glouppe,robertlayton,1,scikit-learn/scikit-learn
glouppe,rth,1,scikit-learn/scikit-learn
glouppe,scikit-learn-bot,1,scikit-learn/scikit-learn
glouppe,thomasjpfan,1,scikit-learn/scikit-learn
glouppe,vene,1,scikit-learn/scikit-learn
glouppe,weilinear,1,scikit-learn/scikit-learn
greyli,jab,1,pallets/flask
greyli,jeffwidman,1,pallets/flask
greyli,kennethreitz,1,pallets/flask
greyli,keyan,1,pallets/flask
greyli,lepture,1,pallets/flask
greyli,lord63,1,pallets/flask
greyli,methane,1,pallets/flask
greyli,miguelgrinberg,1,pallets/flask
greyli,mitsuhiko,1,pallets/flask
greyli,pgjones,1,pallets/flask
greyli,plaes,1,pallets/flask
greyli,pre-commit-ci[bot],1,pallets/flask
greyli,rduplain,1,pallets/flask
greyli,s3rvac,1,pallets/flask
greyli,tullyrankin,1,pallets/flask
greyli,untitaker,1,pallets/flask
greyli,vtbassmatt,1,pallets/flask
greyli,wgwz,1,pallets/flask
greyli,yuxiaoy1,1,pallets/flask
h-vetinari,hayd,1,pandas-dev/pandas
h-vetinari,jbrockmendel,1,pandas-dev/pandas
h-vetinari,jorisvandenbossche,1,pandas-dev/pandas
h-vetinari,jreback,1,pandas-dev/pandas
h-vetinari,jschendel,1,pandas-dev/pandas
h-vetinari,jseabold,1,pandas-dev/pandas
h-vetinari,jtratner,1,pandas-dev/pandas
h-vetinari,lithomas1,1,pandas-dev/pandas
h-vetinari,lukemanley,1,pandas-dev/pandas
h-vetinari,mroeschke,1,pandas-dev/pandas
h-vetinari,mzeitlin11,1,pandas-dev/pandas
h-vetinari,natmokval,1,pandas-dev/pandas
h-vetinari,orbitfold,1,pandas-dev/pandas
h-vetinari,phofl,1,pandas-dev/pandas
h-vetinari,rhshadrach,1,pandas-dev/pandas
h-vetinari,simonjayhawkins,1,pandas-dev/pandas
h-vetinari,sinhrks,1,pandas-dev/pandas
h-vetinari,toobaz,1,pandas-dev/pandas
h-vetinari,topper-123,1,pandas-dev/pandas
h-vetinari,tuhinsharma121,1,pandas-dev/pandas
h-vetinari,twoertwein,1,pandas-dev/pandas
h-vetinari,wesm,1,pandas-dev/pandas
handabaldeep,hard-coders,1,fastapi/fastapi
handabaldeep,hasansezertasan,1,fastapi/fastapi
handabaldeep,jaystone776,1,fastapi/fastapi
handabaldeep,kantandane,1,fastapi/fastapi
handabaldeep,marcelomarkus,1,fastapi/fastapi
handabaldeep,mariacamilagl,1,fastapi/fastapi
handabaldeep,nilslindemann,1,fastapi/fastapi
handabaldeep,pablocm83,1,fastapi/fastapi
handabaldeep,pre-commit-ci[bot],1,fastapi/fastapi
handabaldeep,svlandeg,1,fastapi/fastapi
handabaldeep,tiangolo,1,fastapi/fastapi
handabaldeep,tokusumi,1,fastapi/fastapi
handabaldeep,valentinDruzhinin,1,fastapi/fastapi
handabaldeep,vishnuvskvkl,1,fastapi/fastapi
handabaldeep,waynerv,1,fastapi/fastapi
handabaldeep,xzmeng,1,fastapi/fastapi
handabaldeep,yychanlee,1,fastapi/fastapi
handabaldeep,zhaohan-dong,1,fastapi/fastapi
hard-coders,hasansezertasan,1,fastapi/fastapi
hard-coders,jaystone776,1,fastapi/fastapi
hard-coders,kantandane,1,fastapi/fastapi
hard-coders,marcelomarkus,1,fastapi/fastapi
hard-coders,mariacamilagl,1,fastapi/fastapi
hard-coders,nilslindemann,1,fastapi/fastapi
hard-coders,pablocm83,1,fastapi/fastapi
hard-coders,pre-commit-ci[bot],1,fastapi/fastapi
hard-coders,svlandeg,1,fastapi/fastapi
hard-coders,tiangolo,1,fastapi/fastapi
hard-coders,tokusumi,1,fastapi/fastapi
hard-coders,valentinDruzhinin,1,fastapi/fastapi
hard-coders,vishnuvskvkl,1,fastapi/fastapi
hard-coders,waynerv,1,fastapi/fastapi
hard-coders,xzmeng,1,fastapi/fastapi
hard-coders,yychanlee,1,fastapi/fastapi
hard-coders,zhaohan-dong,1,fastapi/fastapi
hasansezertasan,jaystone776,1,fastapi/fastapi
hasansezertasan,kantandane,1,fastapi/fastapi
hasansezertasan,marcelomarkus,1,fastapi/fastapi
hasansezertasan,mariacamilagl,1,fastapi/fastapi
hasansezertasan,nilslindemann,1,fastapi/fastapi
hasansezertasan,pablocm83,1,fastapi/fastapi
hasansezertasan,pre-commit-ci[bot],1,fastapi/fastapi
hasansezertasan,svlandeg,1,fastapi/fastapi
hasansezertasan,tiangolo,1,fastapi/fastapi
hasansezertasan,tokusumi,1,fastapi/fastapi
hasansezertasan,valentinDruzhinin,1,fastapi/fastapi
hasansezertasan,vishnuvskvkl,1,fastapi/fastapi
hasansezertasan,waynerv,1,fastapi/fastapi
hasansezertasan,xzmeng,1,fastapi/fastapi
hasansezertasan,yychanlee,1,fastapi/fastapi
hasansezertasan,zhaohan-dong,1,fastapi/fastapi
hayd,jbrockmendel,1,pandas-dev/pandas
hayd,jorisvandenbossche,1,pandas-dev/pandas
hayd,jreback,1,pandas-dev/pandas
hayd,jschendel,1,pandas-dev/pandas
hayd,jseabold,1,pandas-dev/pandas
hayd,jtratner,1,pandas-dev/pandas
hayd,lithomas1,1,pandas-dev/pandas
hayd,lukemanley,1,pandas-dev/pandas
hayd,mroeschke,1,pandas-dev/pandas
hayd,mzeitlin11,1,pandas-dev/pandas
hayd,natmokval,1,pandas-dev/pandas
hayd,orbitfold,1,pandas-dev/pandas
hayd,phofl,1,pandas-dev/pandas
hayd,rhshadrach,1,pandas-dev/pandas
hayd,simonjayhawkins,1,pandas-dev/pandas
hayd,sinhrks,1,pandas-dev/pandas
hayd,toobaz,1,pandas-dev/pandas
hayd,topper-123,1,pandas-dev/pandas
hayd,tuhinsharma121,1,pandas-dev/pandas
hayd,twoertwein,1,pandas-dev/pandas
hayd,wesm,1,pandas-dev/pandas
hramezani,jacobian,1,django/django
hramezani,jacobtylerwalls,1,django/django
hramezani,jbronn,1,django/django
hramezani,jdufresne,1,django/django
hramezani,jezdez,1,django/django
hramezani,jphalip,1,django/django
hramezani,kmtracey,1,django/django
hramezani,loic,1,django/django
hramezani,malcolmt,1,django/django
hramezani,mjtamlyn,1,django/django
hramezani,nessita,1,django/django
hramezani,ngnpope,1,django/django
hramezani,ramiro,1,django/django
hramezani,sarahboyce,1,django/django
hramezani,sir-sigurd,1,django/django
hramezani,smithdc1,1,django/django
hramezani,spookylukey,1,django/django
hramezani,timgraham,1,django/django
hramezani,ubernostrum,1,django/django
jab,jeffwidman,1,pallets/flask
jab,kennethreitz,1,pallets/flask
jab,keyan,1,pallets/flask
jab,lepture,1,pallets/flask
jab,lord63,1,pallets/flask
jab,methane,1,pallets/flask
jab,miguelgrinberg,1,pallets/flask
jab,mitsuhiko,1,pallets/flask
jab,pgjones,1,pallets/flask
jab,plaes,1,pallets/flask
jab,pre-commit-ci[bot],1,pallets/flask
jab,rduplain,1,pallets/flask
jab,s3rvac,1,pallets/flask
jab,tullyrankin,1,pallets/flask
jab,untitaker,1,pallets/flask
jab,vtbassmatt,1,pallets/flask
jab,wgwz,1,pallets/flask
jab,yuxiaoy1,1,pallets/flask
jacobian,jacobtylerwalls,1,django/django
jacobian,jbronn,1,django/django
jacobian,jdufresne,1,django/django
jacobian,jezdez,1,django/django
jacobian,jphalip,1,django/django
jacobian,kmtracey,1,django/django
jacobian,loic,1,django/django
jacobian,malcolmt,1,django/django
jacobian,mjtamlyn,1,django/django
jacobian,nessita,1,django/django
jacobian,ngnpope,1,django/django
jacobian,ramiro,1,django/django
jacobian,sarahboyce,1,django/django
jacobian,sir-sigurd,1,django/django
jacobian,smithdc1,1,django/django
jacobian,spookylukey,1,django/django
jacobian,timgraham,1,django/django
jacobian,ubernostrum,1,django/django
jacobtylerwalls,jbronn,1,django/django
jacobtylerwalls,jdufresne,1,django/django
jacobtylerwalls,jezdez,1,django/django
jacobtylerwalls,jphalip,1,django/django
jacobtylerwalls,kmtracey,1,django/django
jacobtylerwalls,loic,1,django/django
jacobtylerwalls,malcolmt,1,django/django
jacobtylerwalls,mjtamlyn,1,django/django
jacobtylerwalls,nessita,1,django/django
jacobtylerwalls,ngnpope,1,django/django
jacobtylerwalls,ramiro,1,django/django
jacobtylerwalls,sarahboyce,1,django/django
jacobtylerwalls,sir-sigurd,1,django/django
jacobtylerwalls,smithdc1,1,django/django
jacobtylerwalls,spookylukey,1,django/django
jacobtylerwalls,timgraham,1,django/django
jacobtylerwalls,ubernostrum,1,django/django
jakevdp,jeremiedbb,1,scikit-learn/scikit-learn
jakevdp,jjerphan,1,scikit-learn/scikit-learn
jakevdp,jnothman,1,scikit-learn/scikit-learn
jakevdp,kemaleren,1,scikit-learn/scikit-learn
jakevdp,larsmans,1,scikit-learn/scikit-learn
jakevdp,lesteve,1,scikit-learn/scikit-learn
jakevdp,lorentzenchr,1,scikit-learn/scikit-learn
jakevdp,lucyleeow,1,scikit-learn/scikit-learn
jakevdp,mblondel,1,scikit-learn/scikit-learn
jakevdp,oddskool,1,scikit-learn/scikit-learn
jakevdp,ogrisel,1,scikit-learn/scikit-learn
jakevdp,pprett,1,scikit-learn/scikit-learn
jakevdp,qinhanmin2014,1,scikit-learn/scikit-learn
jakevdp,raghavrv,1,scikit-learn/scikit-learn
jakevdp,robertlayton,1,scikit-learn/scikit-learn
jakevdp,rth,1,scikit-learn/scikit-learn
jakevdp,scikit-learn-bot,1,scikit-learn/scikit-learn
jakevdp,thomasjpfan,1,scikit-learn/scikit-learn
jakevdp,vene,1,scikit-learn/scikit-learn
jakevdp,weilinear,1,scikit-learn/scikit-learn
jaystone776,kantandane,1,fastapi/fastapi
jaystone776,marcelomarkus,1,fastapi/fastapi
jaystone776,mariacamilagl,1,fastapi/fastapi
jaystone776,nilslindemann,1,fastapi/fastapi
jaystone776,pablocm83,1,fastapi/fastapi
jaystone776,pre-commit-ci[bot],1,fastapi/fastapi
jaystone776,svlandeg,1,fastapi/fastapi
jaystone776,tiangolo,1,fastapi/fastapi
jaystone776,tokusumi,1,fastapi/fastapi
jaystone776,valentinDruzhinin,1,fastapi/fastapi
jaystone776,vishnuvskvkl,1,fastapi/fastapi
jaystone776,waynerv,1,fastapi/fastapi
jaystone776,xzmeng,1,fastapi/fastapi
jaystone776,yychanlee,1,fastapi/fastapi
jaystone776,zhaohan-dong,1,fastapi/fastapi
jbrockmendel,jorisvandenbossche,1,pandas-dev/pandas
jbrockmendel,jreback,1,pandas-dev/pandas
jbrockmendel,jschendel,1,pandas-dev/pandas
jbrockmendel,jseabold,1,pandas-dev/pandas
jbrockmendel,jtratner,1,pandas-dev/pandas
jbrockmendel,lithomas1,1,pandas-dev/pandas
jbrockmendel,lukemanley,1,pandas-dev/pandas
jbrockmendel,mroeschke,1,pandas-dev/pandas
jbrockmendel,mzeitlin11,1,pandas-dev/pandas
jbrockmendel,natmokval,1,pandas-dev/pandas
jbrockmendel,orbitfold,1,pandas-dev/pandas
jbrockmendel,phofl,1,pandas-dev/pandas
jbrockmendel,rhshadrach,1,pandas-dev/pandas
jbrockmendel,simonjayhawkins,1,pandas-dev/pandas
jbrockmendel,sinhrks,1,pandas-dev/pandas
jbrockmendel,toobaz,1,pandas-dev/pandas
jbrockmendel,topper-123,1,pandas-dev/pandas
jbrockmendel,tuhinsharma121,1,pandas-dev/pandas
jbrockmendel,twoertwein,1,pandas-dev/pandas
jbrockmendel,wesm,1,pandas-dev/pandas
jbronn,jdufresne,1,django/django
jbronn,jezdez,1,django/django
jbronn,jphalip,1,django/django
jbronn,kmtracey,1,django/django
jbronn,loic,1,django/django
jbronn,malcolmt,1,django/django
jbronn,mjtamlyn,1,django/django
jbronn,nessita,1,django/django
jbronn,ngnpope,1,django/django
jbronn,ramiro,1,django/django
jbronn,sarahboyce,1,django/django
jbronn,sir-sigurd,1,django/django
jbronn,smithdc1,1,django/django
jbronn,spookylukey,1,django/django
jbronn,timgraham,1,django/django
jbronn,ubernostrum,1,django/django
jdufresne,jezdez,1,django/django
jdufresne,jphalip,1,django/django
jdufresne,kmtracey,1,django/django
jdufresne,loic,1,django/django
jdufresne,malcolmt,1,django/django
jdufresne,mjtamlyn,1,django/django
jdufresne,nessita,1,django/django
jdufresne,ngnpope,1,django/django
jdufresne,ramiro,1,django/django
jdufresne,sarahboyce,1,django/django
jdufresne,sir-sigurd,1,django/django
jdufresne,smithdc1,1,django/django
jdufresne,spookylukey,1,django/django
jdufresne,timgraham,1,django/django
jdufresne,ubernostrum,1,django/django
jeffwidman,kennethreitz,1,pallets/flask
jeffwidman,keyan,1,pallets/flask
jeffwidman,lepture,1,pallets/flask
jeffwidman,lord63,1,pallets/flask
jeffwidman,methane,1,pallets/flask
jeffwidman,miguelgrinberg,1,pallets/flask
jeffwidman,mitsuhiko,1,pallets/flask
jeffwidman,pgjones,1,pallets/flask
jeffwidman,plaes,1,pallets/flask
jeffwidman,pre-commit-ci[bot],1,pallets/flask
jeffwidman,rduplain,1,pallets/flask
jeffwidman,s3rvac,1,pallets/flask
jeffwidman,tullyrankin,1,pallets/flask
jeffwidman,untitaker,1,pallets/flask
jeffwidman,vtbassmatt,1,pallets/flask
jeffwidman,wgwz,1,pallets/flask
jeffwidman,yuxiaoy1,1,pallets/flask
jeremiedbb,jjerphan,1,scikit-learn/scikit-learn
jeremiedbb,jnothman,1,scikit-learn/scikit-learn
jeremiedbb,kemaleren,1,scikit-learn/scikit-learn
jeremiedbb,larsmans,1,scikit-learn/scikit-learn
jeremiedbb,lesteve,1,scikit-learn/scikit-learn
jeremiedbb,lorentzenchr,1,scikit-learn/scikit-learn
jeremiedbb,lucyleeow,1,scikit-learn/scikit-learn
jeremiedbb,mblondel,1,scikit-learn/scikit-learn
jeremiedbb,oddskool,1,scikit-learn/scikit-learn
jeremiedbb,ogrisel,1,scikit-learn/scikit-learn
jeremiedbb,pprett,1,scikit-learn/scikit-learn
jeremiedbb,qinhanmin2014,1,scikit-learn/scikit-learn
jeremiedbb,raghavrv,1,scikit-learn/scikit-learn
jeremiedbb,robertlayton,1,scikit-learn/scikit-learn
jeremiedbb,rth,1,scikit-learn/scikit-learn
jeremiedbb,scikit-learn-bot,1,scikit-learn/scikit-learn
jeremiedbb,thomasjpfan,1,scikit-learn/scikit-learn
jeremiedbb,vene,1,scikit-learn/scikit-learn
jeremiedbb,weilinear,1,scikit-learn/scikit-learn
jezdez,jphalip,1,django/django
jezdez,kmtracey,1,django/django
jezdez,loic,1,django/django
jezdez,malcolmt,1,django/django
jezdez,mjtamlyn,1,django/django
jezdez,nessita,1,django/django
jezdez,ngnpope,1,django/django
jezdez,ramiro,1,django/django
jezdez,sarahboyce,1,django/django
jezdez,sir-sigurd,1,django/django
jezdez,smithdc1,1,django/django
jezdez,spookylukey,1,django/django
jezdez,timgraham,1,django/django
jezdez,ubernostrum,1,django/django
jjerphan,jnothman,1,scikit-learn/scikit-learn
jjerphan,kemaleren,1,scikit-learn/scikit-learn
jjerphan,larsmans,1,scikit-learn/scikit-learn
jjerphan,lesteve,1,scikit-learn/scikit-learn
jjerphan,lorentzenchr,1,scikit-learn/scikit-learn
jjerphan,lucyleeow,1,scikit-learn/scikit-learn
jjerphan,mblondel,1,scikit-learn/scikit-learn
jjerphan,oddskool,1,scikit-learn/scikit-learn
jjerphan,ogrisel,1,scikit-learn/scikit-learn
jjerphan,pprett,1,scikit-learn/scikit-learn
jjerphan,qinhanmin2014,1,scikit-learn/scikit-learn
jjerphan,raghavrv,1,scikit-learn/scikit-learn
jjerphan,robertlayton,1,scikit-learn/scikit-learn
jjerphan,rth,1,scikit-learn/scikit-learn
jjerphan,scikit-learn-bot,1,scikit-learn/scikit-learn
jjerphan,thomasjpfan,1,scikit-learn/scikit-learn
jjerphan,vene,1,scikit-learn/scikit-learn
jjerphan,weilinear,1,scikit-learn/scikit-learn
jnothman,kemaleren,1,scikit-learn/scikit-learn
jnothman,larsmans,1,scikit-learn/scikit-learn
jnothman,lesteve,1,scikit-learn/scikit-learn
jnothman,lorentzenchr,1,scikit-learn/scikit-learn
jnothman,lucyleeow,1,scikit-learn/scikit-learn
jnothman,mblondel,1,scikit-learn/scikit-learn
jnothman,oddskool,1,scikit-learn/scikit-learn
jnothman,ogrisel,1,scikit-learn/scikit-learn
jnothman,pprett,1,scikit-learn/scikit-learn
jnothman,qinhanmin2014,1,scikit-learn/scikit-learn
jnothman,raghavrv,1,scikit-learn/scikit-learn
jnothman,robertlayton,1,scikit-learn/scikit-learn
jnothman,rth,1,scikit-learn/scikit-learn
jnothman,scikit-learn-bot,1,scikit-learn/scikit-learn
jnothman,thomasjpfan,1,scikit-learn/scikit-learn
jnothman,vene,1,scikit-learn/scikit-learn
jnothman,weilinear,1,scikit-learn/scikit-learn
jorisvandenbossche,jreback,1,pandas-dev/pandas
jorisvandenbossche,jschendel,1,pandas-dev/pandas
jorisvandenbossche,jseabold,1,pandas-dev/pandas
jorisvandenbossche,jtratner,1,pandas-dev/pandas
jorisvandenbossche,lithomas1,1,pandas-dev/pandas
jorisvandenbossche,lukemanley,1,pandas-dev/pandas
jorisvandenbossche,mroeschke,1,pandas-dev/pandas
jorisvandenbossche,mzeitlin11,1,pandas-dev/pandas
jorisvandenbossche,natmokval,1,pandas-dev/pandas
jorisvandenbossche,orbitfold,1,pandas-dev/pandas
jorisvandenbossche,phofl,1,pandas-dev/pandas
jorisvandenbossche,rhshadrach,1,pandas-dev/pandas
jorisvandenbossche,simonjayhawkins,1,pandas-dev/pandas
jorisvandenbossche,sinhrks,1,pandas-dev/pandas
jorisvandenbossche,toobaz,1,pandas-dev/pandas
jorisvandenbossche,topper-123,1,pandas-dev/pandas
jorisvandenbossche,tuhinsharma121,1,pandas-dev/pandas
jorisvandenbossche,twoertwein,1,pandas-dev/pandas
jorisvandenbossche,wesm,1,pandas-dev/pandas
jphalip,kmtracey,1,django/django
jphalip,loic,1,django/django
jphalip,malcolmt,1,django/django
jphalip,mjtamlyn,1,django/django
jphalip,nessita,1,django/django
jphalip,ngnpope,1,django/django
jphalip,ramiro,1,django/django
jphalip,sarahboyce,1,django/django
jphalip,sir-sigurd,1,django/django
jphalip,smithdc1,1,django/django
jphalip,spookylukey,1,django/django
jphalip,timgraham,1,django/django
jphalip,ubernostrum,1,django/django
jreback,jschendel,1,pandas-dev/pandas
jreback,jseabold,1,pandas-dev/pandas
jreback,jtratner,1,pandas-dev/pandas
jreback,lithomas1,1,pandas-dev/pandas
jreback,lukemanley,1,pandas-dev/pandas
jreback,mroeschke,1,pandas-dev/pandas
jreback,mzeitlin11,1,pandas-dev/pandas
jreback,natmokval,1,pandas-dev/pandas
jreback,orbitfold,1,pandas-dev/pandas
jreback,phofl,1,pandas-dev/pandas
jreback,rhshadrach,1,pandas-dev/pandas
jreback,simonjayhawkins,1,pandas-dev/pandas
jreback,sinhrks,1,pandas-dev/pandas
jreback,toobaz,1,pandas-dev/pandas
jreback,topper-123,1,pandas-dev/pandas
jreback,tuhinsharma121,1,pandas-dev/pandas
jreback,twoertwein,1,pandas-dev/pandas
jreback,wesm,1,pandas-dev/pandas
jschendel,jseabold,1,pandas-dev/pandas
jschendel,jtratner,1,pandas-dev/pandas
jschendel,lithomas1,1,pandas-dev/pandas
jschendel,lukemanley,1,pandas-dev/pandas
jschendel,mroeschke,1,pandas-dev/pandas
jschendel,mzeitlin11,1,pandas-dev/pandas
jschendel,natmokval,1,pandas-dev/pandas
jschendel,orbitfold,1,pandas-dev/pandas
jschendel,phofl,1,pandas-dev/pandas
jschendel,rhshadrach,1,pandas-dev/pandas
jschendel,simonjayhawkins,1,pandas-dev/pandas
jschendel,sinhrks,1,pandas-dev/pandas
jschendel,toobaz,1,pandas-dev/pandas
jschendel,topper-123,1,pandas-dev/pandas
jschendel,tuhinsharma121,1,pandas-dev/pandas
jschendel,twoertwein,1,pandas-dev/pandas
jschendel,wesm,1,pandas-dev/pandas
jseabold,jtratner,1,pandas-dev/pandas
jseabold,lithomas1,1,pandas-dev/pandas
jseabold,lukemanley,1,pandas-dev/pandas
jseabold,mroeschke,1,pandas-dev/pandas
jseabold,mzeitlin11,1,pandas-dev/pandas
jseabold,natmokval,1,pandas-dev/pandas
jseabold,orbitfold,1,pandas-dev/pandas
jseabold,phofl,1,pandas-dev/pandas
jseabold,rhshadrach,1,pandas-dev/pandas
jseabold,simonjayhawkins,1,pandas-dev/pandas
jseabold,sinhrks,1,pandas-dev/pandas
jseabold,toobaz,1,pandas-dev/pandas
jseabold,topper-123,1,pandas-dev/pandas
jseabold,tuhinsharma121,1,pandas-dev/pandas
jseabold,twoertwein,1,pandas-dev/pandas
jseabold,wesm,1,pandas-dev/pandas
jtratner,lithomas1,1,pandas-dev/pandas
jtratner,lukemanley,1,pandas-dev/pandas
jtratner,mroeschke,1,pandas-dev/pandas
jtratner,mzeitlin11,1,pandas-dev/pandas
jtratner,natmokval,1,pandas-dev/pandas
jtratner,orbitfold,1,pandas-dev/pandas
jtratner,phofl,1,pandas-dev/pandas
jtratner,rhshadrach,1,pandas-dev/pandas
jtratner,simonjayhawkins,1,pandas-dev/pandas
jtratner,sinhrks,1,pandas-dev/pandas
jtratner,toobaz,1,pandas-dev/pandas
jtratner,topper-123,1,pandas-dev/pandas
jtratner,tuhinsharma121,1,pandas-dev/pandas
jtratner,twoertwein,1,pandas-dev/pandas
jtratner,wesm,1,pandas-dev/pandas
kantandane,marcelomarkus,1,fastapi/fastapi
kantandane,mariacamilagl,1,fastapi/fastapi
kantandane,nilslindemann,1,fastapi/fastapi
kantandane,pablocm83,1,fastapi/fastapi
kantandane,pre-commit-ci[bot],1,fastapi/fastapi
kantandane,svlandeg,1,fastapi/fastapi
kantandane,tiangolo,1,fastapi/fastapi
kantandane,tokusumi,1,fastapi/fastapi
kantandane,valentinDruzhinin,1,fastapi/fastapi
kantandane,vishnuvskvkl,1,fastapi/fastapi
kantandane,waynerv,1,fastapi/fastapi
kantandane,xzmeng,1,fastapi/fastapi
kantandane,yychanlee,1,fastapi/fastapi
kantandane,zhaohan-dong,1,fastapi/fastapi
kemaleren,larsmans,1,scikit-learn/scikit-learn
kemaleren,lesteve,1,scikit-learn/scikit-learn
kemaleren,lorentzenchr,1,scikit-learn/scikit-learn
kemaleren,lucyleeow,1,scikit-learn/scikit-learn
kemaleren,mblondel,1,scikit-learn/scikit-learn
kemaleren,oddskool,1,scikit-learn/scikit-learn
kemaleren,ogrisel,1,scikit-learn/scikit-learn
kemaleren,pprett,1,scikit-learn/scikit-learn
kemaleren,qinhanmin2014,1,scikit-learn/scikit-learn
kemaleren,raghavrv,1,scikit-learn/scikit-learn
kemaleren,robertlayton,1,scikit-learn/scikit-learn
kemaleren,rth,1,scikit-learn/scikit-learn
kemaleren,scikit-learn-bot,1,scikit-learn/scikit-learn
kemaleren,thomasjpfan,1,scikit-learn/scikit-learn
kemaleren,vene,1,scikit-learn/scikit-learn
kemaleren,weilinear,1,scikit-learn/scikit-learn
kennethreitz,keyan,1,pallets/flask
kennethreitz,lepture,1,pallets/flask
kennethreitz,lord63,1,pallets/flask
kennethreitz,methane,1,pallets/flask
kennethreitz,miguelgrinberg,1,pallets/flask
kennethreitz,mitsuhiko,1,pallets/flask
kennethreitz,pgjones,1,pallets/flask
kennethreitz,plaes,1,pallets/flask
kennethreitz,pre-commit-ci[bot],1,pallets/flask
kennethreitz,rduplain,1,pallets/flask
kennethreitz,s3rvac,1,pallets/flask
kennethreitz,tullyrankin,1,pallets/flask
kennethreitz,untitaker,1,pallets/flask
kennethreitz,vtbassmatt,1,pallets/flask
kennethreitz,wgwz,1,pallets/flask
kennethreitz,yuxiaoy1,1,pallets/flask
keyan,lepture,1,pallets/flask
keyan,lord63,1,pallets/flask
keyan,methane,1,pallets/flask
keyan,miguelgrinberg,1,pallets/flask
keyan,mitsuhiko,1,pallets/flask
keyan,pgjones,1,pallets/flask
keyan,plaes,1,pallets/flask
keyan,pre-commit-ci[bot],1,pallets/flask
keyan,rduplain,1,pallets/flask
keyan,s3rvac,1,pallets/flask
keyan,tullyrankin,1,pallets/flask
keyan,untitaker,1,pallets/flask
keyan,vtbassmatt,1,pallets/flask
keyan,wgwz,1,pallets/flask
keyan,yuxiaoy1,1,pallets/flask
kmtracey,loic,1,django/django
kmtracey,malcolmt,1,django/django
kmtracey,mjtamlyn,1,django/django
kmtracey,nessita,1,django/django
kmtracey,ngnpope,1,django/django
kmtracey,ramiro,1,django/django
kmtracey,sarahboyce,1,django/django
kmtracey,sir-sigurd,1,django/django
kmtracey,smithdc1,1,django/django
kmtracey,spookylukey,1,django/django
kmtracey,timgraham,1,django/django
kmtracey,ubernostrum,1,django/django
larsmans,lesteve,1,scikit-learn/scikit-learn
larsmans,lorentzenchr,1,scikit-learn/scikit-learn
larsmans,lucyleeow,1,scikit-learn/scikit-learn
larsmans,mblondel,1,scikit-learn/scikit-learn
larsmans,oddskool,1,scikit-learn/scikit-learn
larsmans,ogrisel,1,scikit-learn/scikit-learn
larsmans,pprett,1,scikit-learn/scikit-learn
larsmans,qinhanmin2014,1,scikit-learn/scikit-learn
larsmans,raghavrv,1,scikit-learn/scikit-learn
larsmans,robertlayton,1,scikit-learn/scikit-learn
larsmans,rth,1,scikit-learn/scikit-learn
larsmans,scikit-learn-bot,1,scikit-learn/scikit-learn
larsmans,thomasjpfan,1,scikit-learn/scikit-learn
larsmans,vene,1,scikit-learn/scikit-learn
larsmans,weilinear,1,scikit-learn/scikit-learn
lepture,lord63,1,pallets/flask
lepture,methane,1,pallets/flask
lepture,miguelgrinberg,1,pallets/flask
lepture,mitsuhiko,1,pallets/flask
lepture,pgjones,1,pallets/flask
lepture,plaes,1,pallets/flask
lepture,pre-commit-ci[bot],1,pallets/flask
lepture,rduplain,1,pallets/flask
lepture,s3rvac,1,pallets/flask
lepture,tullyrankin,1,pallets/flask
lepture,untitaker,1,pallets/flask
lepture,vtbassmatt,1,pallets/flask
lepture,wgwz,1,pallets/flask
lepture,yuxiaoy1,1,pallets/flask
lesteve,lorentzenchr,1,scikit-learn/scikit-learn
lesteve,lucyleeow,1,scikit-learn/scikit-learn
lesteve,mblondel,1,scikit-learn/scikit-learn
lesteve,oddskool,1,scikit-learn/scikit-learn
lesteve,ogrisel,1,scikit-learn/scikit-learn
lesteve,pprett,1,scikit-learn/scikit-learn
lesteve,qinhanmin2014,1,scikit-learn/scikit-learn
lesteve,raghavrv,1,scikit-learn/scikit-learn
lesteve,robertlayton,1,scikit-learn/scikit-learn
lesteve,rth,1,scikit-learn/scikit-learn
lesteve,scikit-learn-bot,1,scikit-learn/scikit-learn
lesteve,thomasjpfan,1,scikit-learn/scikit-learn
lesteve,vene,1,scikit-learn/scikit-learn
lesteve,weilinear,1,scikit-learn/scikit-learn
lithomas1,lukemanley,1,pandas-dev/pandas
lithomas1,mroeschke,1,pandas-dev/pandas
lithomas1,mzeitlin11,1,pandas-dev/pandas
lithomas1,natmokval,1,pandas-dev/pandas
lithomas1,orbitfold,1,pandas-dev/pandas
lithomas1,phofl,1,pandas-dev/pandas
lithomas1,rhshadrach,1,pandas-dev/pandas
lithomas1,simonjayhawkins,1,pandas-dev/pandas
lithomas1,sinhrks,1,pandas-dev/pandas
lithomas1,toobaz,1,pandas-dev/pandas
lithomas1,topper-123,1,pandas-dev/pandas
lithomas1,tuhinsharma121,1,pandas-dev/pandas
lithomas1,twoertwein,1,pandas-dev/pandas
lithomas1,wesm,1,pandas-dev/pandas
loic,malcolmt,1,django/django
loic,mjtamlyn,1,django/django
loic,nessita,1,django/django
loic,ngnpope,1,django/django
loic,ramiro,1,django/django
loic,sarahboyce,1,django/django
loic,sir-sigurd,1,django/django
loic,smithdc1,1,django/django
loic,spookylukey,1,django/django
loic,timgraham,1,django/django
loic,ubernostrum,1,django/django
lord63,methane,1,pallets/flask
lord63,miguelgrinberg,1,pallets/flask
lord63,mitsuhiko,1,pallets/flask
lord63,pgjones,1,pallets/flask
lord63,plaes,1,pallets/flask
lord63,pre-commit-ci[bot],1,pallets/flask
lord63,rduplain,1,pallets/flask
lord63,s3rvac,1,pallets/flask
lord63,tullyrankin,1,pallets/flask
lord63,untitaker,1,pallets/flask
lord63,vtbassmatt,1,pallets/flask
lord63,wgwz,1,pallets/flask
lord63,yuxiaoy1,1,pallets/flask
lorentzenchr,lucyleeow,1,scikit-learn/scikit-learn
lorentzenchr,mblondel,1,scikit-learn/scikit-learn
lorentzenchr,oddskool,1,scikit-learn/scikit-learn
lorentzenchr,ogrisel,1,scikit-learn/scikit-learn
lorentzenchr,pprett,1,scikit-learn/scikit-learn
lorentzenchr,qinhanmin2014,1,scikit-learn/scikit-learn
lorentzenchr,raghavrv,1,scikit-learn/scikit-learn
lorentzenchr,robertlayton,1,scikit-learn/scikit-learn
lorentzenchr,rth,1,scikit-learn/scikit-learn
lorentzenchr,scikit-learn-bot,1,scikit-learn/scikit-learn
lorentzenchr,thomasjpfan,1,scikit-learn/scikit-learn
lorentzenchr,vene,1,scikit-learn/scikit-learn
lorentzenchr,weilinear,1,scikit-learn/scikit-learn
lucyleeow,mblondel,1,scikit-learn/scikit-learn
lucyleeow,oddskool,1,scikit-learn/scikit-learn
lucyleeow,ogrisel,1,scikit-learn/scikit-learn
lucyleeow,pprett,1,scikit-learn/scikit-learn
lucyleeow,qinhanmin2014,1,scikit-learn/scikit-learn
lucyleeow,raghavrv,1,scikit-learn/scikit-learn
lucyleeow,robertlayton,1,scikit-learn/scikit-learn
lucyleeow,rth,1,scikit-learn/scikit-learn
lucyleeow,scikit-learn-bot,1,scikit-learn/scikit-learn
lucyleeow,thomasjpfan,1,scikit-learn/scikit-learn
lucyleeow,vene,1,scikit-learn/scikit-learn
lucyleeow,weilinear,1,scikit-learn/scikit-learn
lukemanley,mroeschke,1,pandas-dev/pandas
lukemanley,mzeitlin11,1,pandas-dev/pandas
lukemanley,natmokval,1,pandas-dev/pandas
lukemanley,orbitfold,1,pandas-dev/pandas
lukemanley,phofl,1,pandas-dev/pandas
lukemanley,rhshadrach,1,pandas-dev/pandas
lukemanley,simonjayhawkins,1,pandas-dev/pandas
lukemanley,sinhrks,1,pandas-dev/pandas
lukemanley,toobaz,1,pandas-dev/pandas
lukemanley,topper-123,1,pandas-dev/pandas
lukemanley,tuhinsharma121,1,pandas-dev/pandas
lukemanley,twoertwein,1,pandas-dev/pandas
lukemanley,wesm,1,pandas-dev/pandas
malcolmt,mjtamlyn,1,django/django
malcolmt,nessita,1,django/django
malcolmt,ngnpope,1,django/django
malcolmt,ramiro,1,django/django
malcolmt,sarahboyce,1,django/django
malcolmt,sir-sigurd,1,django/django
malcolmt,smithdc1,1,django/django
malcolmt,spookylukey,1,django/django
malcolmt,timgraham,1,django/django
malcolmt,ubernostrum,1,django/django
marcelomarkus,mariacamilagl,1,fastapi/fastapi
marcelomarkus,nilslindemann,1,fastapi/fastapi
marcelomarkus,pablocm83,1,fastapi/fastapi
marcelomarkus,pre-commit-ci[bot],1,fastapi/fastapi
marcelomarkus,svlandeg,1,fastapi/fastapi
marcelomarkus,tiangolo,1,fastapi/fastapi
marcelomarkus,tokusumi,1,fastapi/fastapi
marcelomarkus,valentinDruzhinin,1,fastapi/fastapi
marcelomarkus,vishnuvskvkl,1,fastapi/fastapi
marcelomarkus,waynerv,1,fastapi/fastapi
marcelomarkus,xzmeng,1,fastapi/fastapi
marcelomarkus,yychanlee,1,fastapi/fastapi
marcelomarkus,zhaohan-dong,1,fastapi/fastapi
mariacamilagl,nilslindemann,1,fastapi/fastapi
mariacamilagl,pablocm83,1,fastapi/fastapi
mariacamilagl,pre-commit-ci[bot],1,fastapi/fastapi
mariacamilagl,svlandeg,1,fastapi/fastapi
mariacamilagl,tiangolo,1,fastapi/fastapi
mariacamilagl,tokusumi,1,fastapi/fastapi
mariacamilagl,valentinDruzhinin,1,fastapi/fastapi
mariacamilagl,vishnuvskvkl,1,fastapi/fastapi
mariacamilagl,waynerv,1,fastapi/fastapi
mariacamilagl,xzmeng,1,fastapi/fastapi
mariacamilagl,yychanlee,1,fastapi/fastapi
mariacamilagl,zhaohan-dong,1,fastapi/fastapi
mblondel,oddskool,1,scikit-learn/scikit-learn
mblondel,ogrisel,1,scikit-learn/scikit-learn
mblondel,pprett,1,scikit-learn/scikit-learn
mblondel,qinhanmin2014,1,scikit-learn/scikit-learn
mblondel,raghavrv,1,scikit-learn/scikit-learn
mblondel,robertlayton,1,scikit-learn/scikit-learn
mblondel,rth,1,scikit-learn/scikit-learn
mblondel,scikit-learn-bot,1,scikit-learn/scikit-learn
mblondel,thomasjpfan,1,scikit-learn/scikit-learn
mblondel,vene,1,scikit-learn/scikit-learn
mblondel,weilinear,1,scikit-learn/scikit-learn
methane,miguelgrinberg,1,pallets/flask
methane,mitsuhiko,1,pallets/flask
methane,pgjones,1,pallets/flask
methane,plaes,1,pallets/flask
methane,pre-commit-ci[bot],1,pallets/flask
methane,rduplain,1,pallets/flask
methane,s3rvac,1,pallets/flask
methane,tullyrankin,1,pallets/flask
methane,untitaker,1,pallets/flask
methane,vtbassmatt,1,pallets/flask
methane,wgwz,1,pallets/flask
methane,yuxiaoy1,1,pallets/flask
miguelgrinberg,mitsuhiko,1,pallets/flask
miguelgrinberg,pgjones,1,pallets/flask
miguelgrinberg,plaes,1,pallets/flask
miguelgrinberg,pre-commit-ci[bot],1,pallets/flask
miguelgrinberg,rduplain,1,pallets/flask
miguelgrinberg,s3rvac,1,pallets/flask
miguelgrinberg,tullyrankin,1,pallets/flask
miguelgrinberg,untitaker,1,pallets/flask
miguelgrinberg,vtbassmatt,1,pallets/flask
miguelgrinberg,wgwz,1,pallets/flask
miguelgrinberg,yuxiaoy1,1,pallets/flask
mitsuhiko,pgjones,1,pallets/flask
mitsuhiko,plaes,1,pallets/flask
mitsuhiko,pre-commit-ci[bot],1,pallets/flask
mitsuhiko,rduplain,1,pallets/flask
mitsuhiko,s3rvac,1,pallets/flask
mitsuhiko,tullyrankin,1,pallets/flask
mitsuhiko,untitaker,1,pallets/flask
mitsuhiko,vtbassmatt,1,pallets/flask
mitsuhiko,wgwz,1,pallets/flask
mitsuhiko,yuxiaoy1,1,pallets/flask
mjtamlyn,nessita,1,django/django
mjtamlyn,ngnpope,1,django/django
mjtamlyn,ramiro,1,django/django
mjtamlyn,sarahboyce,1,django/django
mjtamlyn,sir-sigurd,1,django/django
mjtamlyn,smithdc1,1,django/django
mjtamlyn,spookylukey,1,django/django
mjtamlyn,timgraham,1,django/django
mjtamlyn,ubernostrum,1,django/django
mroeschke,mzeitlin11,1,pandas-dev/pandas
mroeschke,natmokval,1,pandas-dev/pandas
mroeschke,orbitfold,1,pandas-dev/pandas
mroeschke,phofl,1,pandas-dev/pandas
mroeschke,rhshadrach,1,pandas-dev/pandas
mroeschke,simonjayhawkins,1,pandas-dev/pandas
mroeschke,sinhrks,1,pandas-dev/pandas
mroeschke,toobaz,1,pandas-dev/pandas
mroeschke,topper-123,1,pandas-dev/pandas
mroeschke,tuhinsharma121,1,pandas-dev/pandas
mroeschke,twoertwein,1,pandas-dev/pandas
mroeschke,wesm,1,pandas-dev/pandas
mzeitlin11,natmokval,1,pandas-dev/pandas
mzeitlin11,orbitfold,1,pandas-dev/pandas
mzeitlin11,phofl,1,pandas-dev/pandas
mzeitlin11,rhshadrach,1,pandas-dev/pandas
mzeitlin11,simonjayhawkins,1,pandas-dev/pandas
mzeitlin11,sinhrks,1,pandas-dev/pandas
mzeitlin11,toobaz,1,pandas-dev/pandas
mzeitlin11,topper-123,1,pandas-dev/pandas
mzeitlin11,tuhinsharma121,1,pandas-dev/pandas
mzeitlin11,twoertwein,1,pandas-dev/pandas
mzeitlin11,wesm,1,pandas-dev/pandas
natmokval,orbitfold,1,pandas-dev/pandas
natmokval,phofl,1,pandas-dev/pandas
natmokval,rhshadrach,1,pandas-dev/pandas
natmokval,simonjayhawkins,1,pandas-dev/pandas
natmokval,sinhrks,1,pandas-dev/pandas
natmokval,toobaz,1,pandas-dev/pandas
natmokval,topper-123,1,pandas-dev/pandas
natmokval,tuhinsharma121,1,pandas-dev/pandas
natmokval,twoertwein,1,pandas-dev/pandas
natmokval,wesm,1,pandas-dev/pandas
nessita,ngnpope,1,django/django
nessita,ramiro,1,django/django
nessita,sarahboyce,1,django/django
nessita,sir-sigurd,1,django/django
nessita,smithdc1,1,django/django
nessita,spookylukey,1,django/django
nessita,timgraham,1,django/django
nessita,ubernostrum,1,django/django
ngnpope,ramiro,1,django/django
ngnpope,sarahboyce,1,django/django
ngnpope,sir-sigurd,1,django/django
ngnpope,smithdc1,1,django/django
ngnpope,spookylukey,1,django/django
ngnpope,timgraham,1,django/django
ngnpope,ubernostrum,1,django/django
nilslindemann,pablocm83,1,fastapi/fastapi
nilslindemann,pre-commit-ci[bot],1,fastapi/fastapi
nilslindemann,svlandeg,1,fastapi/fastapi
nilslindemann,tiangolo,1,fastapi/fastapi
nilslindemann,tokusumi,1,fastapi/fastapi
nilslindemann,valentinDruzhinin,1,fastapi/fastapi
nilslindemann,vishnuvskvkl,1,fastapi/fastapi
nilslindemann,waynerv,1,fastapi/fastapi
nilslindemann,xzmeng,1,fastapi/fastapi
nilslindemann,yychanlee,1,fastapi/fastapi
nilslindemann,zhaohan-dong,1,fastapi/fastapi
oddskool,ogrisel,1,scikit-learn/scikit-learn
oddskool,pprett,1,scikit-learn/scikit-learn
oddskool,qinhanmin2014,1,scikit-learn/scikit-learn
oddskool,raghavrv,1,scikit-learn/scikit-learn
oddskool,robertlayton,1,scikit-learn/scikit-learn
oddskool,rth,1,scikit-learn/scikit-learn
oddskool,scikit-learn-bot,1,scikit-learn/scikit-learn
oddskool,thomasjpfan,1,scikit-learn/scikit-learn
oddskool,vene,1,scikit-learn/scikit-learn
oddskool,weilinear,1,scikit-learn/scikit-learn
ogrisel,pprett,1,scikit-learn/scikit-learn
ogrisel,qinhanmin2014,1,scikit-learn/scikit-learn
ogrisel,raghavrv,1,scikit-learn/scikit-learn
ogrisel,robertlayton,1,scikit-learn/scikit-learn
ogrisel,rth,1,scikit-learn/scikit-learn
ogrisel,scikit-learn-bot,1,scikit-learn/scikit-learn
ogrisel,thomasjpfan,1,scikit-learn/scikit-learn
ogrisel,vene,1,scikit-learn/scikit-learn
ogrisel,weilinear,1,scikit-learn/scikit-learn
orbitfold,phofl,1,pandas-dev/pandas
orbitfold,rhshadrach,1,pandas-dev/pandas
orbitfold,simonjayhawkins,1,pandas-dev/pandas
orbitfold,sinhrks,1,pandas-dev/pandas
orbitfold,toobaz,1,pandas-dev/pandas
orbitfold,topper-123,1,pandas-dev/pandas
orbitfold,tuhinsharma121,1,pandas-dev/pandas
orbitfold,twoertwein,1,pandas-dev/pandas
orbitfold,wesm,1,pandas-dev/pandas
pablocm83,pre-commit-ci[bot],1,fastapi/fastapi
pablocm83,svlandeg,1,fastapi/fastapi
pablocm83,tiangolo,1,fastapi/fastapi
pablocm83,tokusumi,1,fastapi/fastapi
pablocm83,valentinDruzhinin,1,fastapi/fastapi
pablocm83,vishnuvskvkl,1,fastapi/fastapi
pablocm83,waynerv,1,fastapi/fastapi
pablocm83,xzmeng,1,fastapi/fastapi
pablocm83,yychanlee,1,fastapi/fastapi
pablocm83,zhaohan-dong,1,fastapi/fastapi
pgjones,plaes,1,pallets/flask
pgjones,pre-commit-ci[bot],1,pallets/flask
pgjones,rduplain,1,pallets/flask
pgjones,s3rvac,1,pallets/flask
pgjones,tullyrankin,1,pallets/flask
pgjones,untitaker,1,pallets/flask
pgjones,vtbassmatt,1,pallets/flask
pgjones,wgwz,1,pallets/flask
pgjones,yuxiaoy1,1,pallets/flask
phofl,rhshadrach,1,pandas-dev/pandas
phofl,simonjayhawkins,1,pandas-dev/pandas
phofl,sinhrks,1,pandas-dev/pandas
phofl,toobaz,1,pandas-dev/pandas
phofl,topper-123,1,pandas-dev/pandas
phofl,tuhinsharma121,1,pandas-dev/pandas
phofl,twoertwein,1,pandas-dev/pandas
phofl,wesm,1,pandas-dev/pandas
plaes,pre-commit-ci[bot],1,pallets/flask
plaes,rduplain,1,pallets/flask
plaes,s3rvac,1,pallets/flask
plaes,tullyrankin,1,pallets/flask
plaes,untitaker,1,pallets/flask
plaes,vtbassmatt,1,pallets/flask
plaes,wgwz,1,pallets/flask
plaes,yuxiaoy1,1,pallets/flask
pprett,qinhanmin2014,1,scikit-learn/scikit-learn
pprett,raghavrv,1,scikit-learn/scikit-learn
pprett,robertlayton,1,scikit-learn/scikit-learn
pprett,rth,1,scikit-learn/scikit-learn
pprett,scikit-learn-bot,1,scikit-learn/scikit-learn
pprett,thomasjpfan,1,scikit-learn/scikit-learn
pprett,vene,1,scikit-learn/scikit-learn
pprett,weilinear,1,scikit-learn/scikit-learn
pre-commit-ci[bot],rduplain,1,pallets/flask
pre-commit-ci[bot],s3rvac,1,pallets/flask
pre-commit-ci[bot],svlandeg,1,fastapi/fastapi
pre-commit-ci[bot],tiangolo,1,fastapi/fastapi
pre-commit-ci[bot],tokusumi,1,fastapi/fastapi
pre-commit-ci[bot],tullyrankin,1,pallets/flask
pre-commit-ci[bot],untitaker,1,pallets/flask
pre-commit-ci[bot],valentinDruzhinin,1,fastapi/fastapi
pre-commit-ci[bot],vishnuvskvkl,1,fastapi/fastapi
pre-commit-ci[bot],vtbassmatt,1,pallets/flask
pre-commit-ci[bot],waynerv,1,fastapi/fastapi
pre-commit-ci[bot],wgwz,1,pallets/flask
pre-commit-ci[bot],xzmeng,1,fastapi/fastapi
pre-commit-ci[bot],yuxiaoy1,1,pallets/flask
pre-commit-ci[bot],yychanlee,1,fastapi/fastapi
pre-commit-ci[bot],zhaohan-dong,1,fastapi/fastapi
qinhanmin2014,raghavrv,1,scikit-learn/scikit-learn
qinhanmin2014,robertlayton,1,scikit-learn/scikit-learn
qinhanmin2014,rth,1,scikit-learn/scikit-learn
qinhanmin2014,scikit-learn-bot,1,scikit-learn/scikit-learn
qinhanmin2014,thomasjpfan,1,scikit-learn/scikit-learn
qinhanmin2014,vene,1,scikit-learn/scikit-learn
qinhanmin2014,weilinear,1,scikit-learn/scikit-learn
raghavrv,robertlayton,1,scikit-learn/scikit-learn
raghavrv,rth,1,scikit-learn/scikit-learn
raghavrv,scikit-learn-bot,1,scikit-learn/scikit-learn
raghavrv,thomasjpfan,1,scikit-learn/scikit-learn
raghavrv,vene,1,scikit-learn/scikit-learn
raghavrv,weilinear,1,scikit-learn/scikit-learn
ramiro,sarahboyce,1,django/django
ramiro,sir-sigurd,1,django/django
ramiro,smithdc1,1,django/django
ramiro,spookylukey,1,django/django
ramiro,timgraham,1,django/django
ramiro,ubernostrum,1,django/django
rduplain,s3rvac,1,pallets/flask
rduplain,tullyrankin,1,pallets/flask
rduplain,untitaker,1,pallets/flask
rduplain,vtbassmatt,1,pallets/flask
rduplain,wgwz,1,pallets/flask
rduplain,yuxiaoy1,1,pallets/flask
rhshadrach,simonjayhawkins,1,pandas-dev/pandas
rhshadrach,sinhrks,1,pandas-dev/pandas
rhshadrach,toobaz,1,pandas-dev/pandas
rhshadrach,topper-123,1,pandas-dev/pandas
rhshadrach,tuhinsharma121,1,pandas-dev/pandas
rhshadrach,twoertwein,1,pandas-dev/pandas
rhshadrach,wesm,1,pandas-dev/pandas
robertlayton,rth,1,scikit-learn/scikit-learn
robertlayton,scikit-learn-bot,1,scikit-learn/scikit-learn
robertlayton,thomasjpfan,1,scikit-learn/scikit-learn
robertlayton,vene,1,scikit-learn/scikit-learn
robertlayton,weilinear,1,scikit-learn/scikit-learn
rth,scikit-learn-bot,1,scikit-learn/scikit-learn
rth,thomasjpfan,1,scikit-learn/scikit-learn
rth,vene,1,scikit-learn/scikit-learn
rth,weilinear,1,scikit-learn/scikit-learn
s3rvac,tullyrankin,1,pallets/flask
s3rvac,untitaker,1,pallets/flask
s3rvac,vtbassmatt,1,pallets/flask
s3rvac,wgwz,1,pallets/flask
s3rvac,yuxiaoy1,1,pallets/flask
sarahboyce,sir-sigurd,1,django/django
sarahboyce,smithdc1,1,django/django
sarahboyce,spookylukey,1,django/django
sarahboyce,timgraham,1,django/django
sarahboyce,ubernostrum,1,django/django
scikit-learn-bot,thomasjpfan,1,scikit-learn/scikit-learn
scikit-learn-bot,vene,1,scikit-learn/scikit-learn
scikit-learn-bot,weilinear,1,scikit-learn/scikit-learn
simonjayhawkins,sinhrks,1,pandas-dev/pandas
simonjayhawkins,toobaz,1,pandas-dev/pandas
simonjayhawkins,topper-123,1,pandas-dev/pandas
simonjayhawkins,tuhinsharma121,1,pandas-dev/pandas
simonjayhawkins,twoertwein,1,pandas-dev/pandas
simonjayhawkins,wesm,1,pandas-dev/pandas
sinhrks,toobaz,1,pandas-dev/pandas
sinhrks,topper-123,1,pandas-dev/pandas
sinhrks,tuhinsharma121,1,pandas-dev/pandas
sinhrks,twoertwein,1,pandas-dev/pandas
sinhrks,wesm,1,pandas-dev/pandas
sir-sigurd,smithdc1,1,django/django
sir-sigurd,spookylukey,1,django/django
sir-sigurd,timgraham,1,django/django
sir-sigurd,ubernostrum,1,django/django
smithdc1,spookylukey,1,django/django
smithdc1,timgraham,1,django/django
smithdc1,ubernostrum,1,django/django
spookylukey,timgraham,1,django/django
spookylukey,ubernostrum,1,django/django
svlandeg,tiangolo,1,fastapi/fastapi
svlandeg,tokusumi,1,fastapi/fastapi
svlandeg,valentinDruzhinin,1,fastapi/fastapi
svlandeg,vishnuvskvkl,1,fastapi/fastapi
svlandeg,waynerv,1,fastapi/fastapi
svlandeg,xzmeng,1,fastapi/fastapi
svlandeg,yychanlee,1,fastapi/fastapi
svlandeg,zhaohan-dong,1,fastapi/fastapi
thomasjpfan,vene,1,scikit-learn/scikit-learn
thomasjpfan,weilinear,1,scikit-learn/scikit-learn
tiangolo,tokusumi,1,fastapi/fastapi
tiangolo,valentinDruzhinin,1,fastapi/fastapi
tiangolo,vishnuvskvkl,1,fastapi/fastapi
tiangolo,waynerv,1,fastapi/fastapi
tiangolo,xzmeng,1,fastapi/fastapi
tiangolo,yychanlee,1,fastapi/fastapi
tiangolo,zhaohan-dong,1,fastapi/fastapi
timgraham,ubernostrum,1,django/django
tokusumi,valentinDruzhinin,1,fastapi/fastapi
tokusumi,vishnuvskvkl,1,fastapi/fastapi
tokusumi,waynerv,1,fastapi/fastapi
tokusumi,xzmeng,1,fastapi/fastapi
tokusumi,yychanlee,1,fastapi/fastapi
tokusumi,zhaohan-dong,1,fastapi/fastapi
toobaz,topper-123,1,pandas-dev/pandas
toobaz,tuhinsharma121,1,pandas-dev/pandas
toobaz,twoertwein,1,pandas-dev/pandas
toobaz,wesm,1,pandas-dev/pandas
topper-123,tuhinsharma121,1,pandas-dev/pandas
topper-123,twoertwein,1,pandas-dev/pandas
topper-123,wesm,1,pandas-dev/pandas
tuhinsharma121,twoertwein,1,pandas-dev/pandas
tuhinsharma121,wesm,1,pandas-dev/pandas
tullyrankin,untitaker,1,pallets/flask
tullyrankin,vtbassmatt,1,pallets/flask
tullyrankin,wgwz,1,pallets/flask
tullyrankin,yuxiaoy1,1,pallets/flask
twoertwein,wesm,1,pandas-dev/pandas
untitaker,vtbassmatt,1,pallets/flask
untitaker,wgwz,1,pallets/flask
untitaker,yuxiaoy1,1,pallets/flask
valentinDruzhinin,vishnuvskvkl,1,fastapi/fastapi
valentinDruzhinin,waynerv,1,fastapi/fastapi
valentinDruzhinin,xzmeng,1,fastapi/fastapi
valentinDruzhinin,yychanlee,1,fastapi/fastapi
valentinDruzhinin,zhaohan-dong,1,fastapi/fastapi
vene,weilinear,1,scikit-learn/scikit-learn
vishnuvskvkl,waynerv,1,fastapi/fastapi
vishnuvskvkl,xzmeng,1,fastapi/fastapi
vishnuvskvkl,yychanlee,1,fastapi/fastapi
vishnuvskvkl,zhaohan-dong,1,fastapi/fastapi
vtbassmatt,wgwz,1,pallets/flask
vtbassmatt,yuxiaoy1,1,pallets/flask
waynerv,xzmeng,1,fastapi/fastapi
waynerv,yychanlee,1,fastapi/fastapi
waynerv,zhaohan-dong,1,fastapi/fastapi
wgwz,yuxiaoy1,1,pallets/flask
xzmeng,yychanlee,1,fastapi/fastapi
xzmeng,zhaohan-dong,1,fastapi/fastapi
yychanlee,zhaohan-dong,1,fastapi/fastapi
